Name,Location,Dates,Description
Entierro de la Sardina,Murcia,07/04/2018,…Murcia. http://www.entierrodelasardina.es/. Este divertido festejo se incluye dentro del programa de actos de las Fiestas de Primavera de la ciudad de Murcia. El Entierro de la Sardina es un desfile popular que habitualm…
Fiesta del cerezo en flor,Jerte,Del 23/03/2018 al 07/04/2018,"…Jerte. Cáceres. (Extremadura) http://www.turismovalledeljerte.com/. El Valle del Jerte, en Extremadura, celebra cada año el florecimiento de sus cerezos con diversos actos. Ocurre solamente durante un par de semanas al a…"
Fiestas Patronales de San Vicente Ferrer,"Valld'Uixó,La",08/04/2018,"…Plaza San Vicente nº1. 12600. Vall d'Uixó, La. Castellón-Castelló. (Comunidad Valenciana) Fax.: 964 69 25 03 | E-mail: santvicentferrer@hotmail.es. Toros, vaquillas, castillos de fuegos artificiales, bailes y verbenas co…"
Burgo de Osma-Ciudad de Osma.,Osma,Del 20/01/2018 al 08/04/2018,"…Burgo de Osma, El. Burgo de Osma-Ciudad de Osma. Soria. (Castilla y León) E-mail: info@virreypalafox.com. http://www.jornadasdelamatanza.com/. El pueblo de Burgo de Osma, en Soria, celebra los fines de semana de febrero …"
Las Mondas,TalaveradelaReina,Del 07/04/2018 al 10/04/2018,…Talavera de la Reina. Toledo. (Castilla-La Mancha) E-mail: oficinaturismo@talavera.org. http://www.turismotalavera.com. Las raíces paganas de esta fiesta de Talavera de la Reina (Toledo) se remontan a la época romana en …
Misterio de la Pasión,Cervera,Del 18/03/2018 al 21/04/2018,…Cervera. Lleida. (Cataluña) E-mail: info@lapassiodecervera.com. http://www.lapassiodecervera.com/. Misterio de la Pasión (Lleida). Representación religiosa que refleja la pasión de Cristo a través de los ciudadanos de Ce…
Feria de Abril,Sevilla,Del 14/04/2018 al 21/04/2018,"…Sevilla. (Andalucía) E-mail: visitasevilla@sevilla.org. http://www.visitasevilla.es/. Durante una semana Sevilla vive sólo para esta fiesta. La música, la gastronomía, el baile y las ganas de divertirse crean un ambiente…"
Día de la Faldeta de Fraga,Fraga,22/04/2018,"…Fraga. Huesca. (Aragón) http://www.fraga.org/fraga-tematico/la-faldeta. El Día de la Faldeta de Fraga, en Huesca (Aragón), se celebra durante el mes de abril y pone en valor el traje típico de la ciudad. Estas fiestas ri…"
Cata del Vino Montilla–Moriles,Córdoba,Del 18/04/2018 al 22/04/2018,"…Plaza Colón s/n. 14001. Córdoba. (Andalucía) http://www.turismodecordoba.org. Más de 20 bodegas de los prestigiosos vinos de la Denominación de Origen Montilla – Moriles participan en esta cata en la ciudad de Córdoba, e…"
Fiesta de San Jorge,Cáceres,23/04/2018,"…Cáceres. (Extremadura) Cáceres, en Extremadura, celebra cada año la fiesta de su patrono, San Jorge, en la semana del 23 de abril. La fiesta simboliza la reconquista cristiana de la ciudad combinando hechos históricos, c…"
Fiestas Aracelitanas,Lucena,Del 22/04/2018 al 24/04/2018,…Lucena. Córdoba. (Andalucía) www.andalucia.org/es/eventos/fiestas-aracelitanas/. Una tradición de la localidad de Lucena (Córdoba) con cuatro siglos y medio de antigüedad. Esta celebración comienza cada penúltimo domingo…
Fiestas de Moros y Cristianos,Alcoy-Alcoi,Del 22/04/2018 al 24/04/2018,"…San Miguel, 60-62. 03801. Alcoy-Alcoi. Alicante-Alacant. (Comunidad Valenciana) Tel.: +34 965540580 | +34 965 54 10 55 | E-mail: info@associaciosantjordi.org. www.alcoyturismo.com. Historia, leyenda y espectáculo se dan …"
Fiesta de Moros y Cristianos en honor de San Jorge Mártir,BanyeresdeMariola,Del 22/04/2018 al 25/04/2018,"…Banyeres de Mariola. Alicante-Alacant. (Comunidad Valenciana) http://comunitatvalenciana.com/. Fiesta en honor de las reliquias de San Jorge Mártir. Las fiestas de Moros y Cristianos en honor de San Jorge Mártir, se cele…"
Día de la Almadía,Burgui-Burgi,28/04/2018,"…Burgui. Burgui-Burgi. Navarra. E-mail: info@almadiasdenavarra.com. http://www.almadiasdenavarra.com/. Una de las fiestas tradicionales más concurridas de Navarra es el Día de la Almadía, que se celebra cada año en Burgui…"
Romería de Nuestra Señora de la Cabeza,Andújar,29/04/2018,…Andújar. Andújar. Jaén. (Andalucía) Romería de Nuestra Señora de la Cabeza en Andújar. Romería en un paraje singular de Sierra Morena. El Santuario de la Virgen de la Cabeza se encuentra en la cumbre más alta de Sierra M…
Batalla de las flores,Córdoba,29/04/2018,"…Córdoba. (Andalucía) www.turismodecordoba.org. Córdoba, en Andalucía, acoge todos los años esta peculiar cabalgata en la que las flores son las protagonistas y da inicio a un mes lleno de fiestas en la ciudad. Esta fiest…"
Semana medieval de San Jorge,Montblanc,Del 20/04/2018 al 29/04/2018,…Montblanc. Tarragona. (Cataluña) E-mail: turisme@montblancmedieval.org. http://www.montblancmedieval.cat. Semana medieval de San Jorge de Montblanc. La leyenda de San Jorge. Montblanc celebra en el mes de abril la Semana…
Fiesta de la Lamprea,Arbo,Del 27/04/2018 al 29/04/2018,"…Arbo. Pontevedra. (Galicia) Arbo, en Pontevedra, celebra cada año una fiesta gastronómica en torno a uno de sus productos estrellas, la lamprea. Durante varios días tienen lugar degustaciones de platos a base de lamprea.…"
Recreación de Los Sitios de Zaragoza,Zaragoza,Del 27/04/2018 al 29/04/2018,"…Plaza de Los Sitios. 50001. Zaragoza. (Aragón) E-mail: secretario@asociacionlossitios.com. http://www.zaragoza.es/. Combates, desfiles y actos de homenaje ambientados en la época napoleónica. La Recreación de Los Sitios …"
Festa dos Maios Pontevedra,Pontevedra,01/05/2018,…Pontevedra. (Galicia) http://www.turgalicia.es/. La Festa dos Maios celebra en Galicia la llegada del buen tiempo. Se trata de una celebración de origen celta relacionada con las primeras flores de la primavera. Su feste…
Cruces de Mayo,Córdoba,Del 27/04/2018 al 01/05/2018,"…Córdoba. (Andalucía) www.turismodecordoba.org. La fiesta popular de las Cruces de Mayo, que se celebra en Córdoba, consiste en instalar en las calles y plazas de la ciudad cruces elaboradas con flores. Estas creaciones, …"
La Passió,Esparreguera,Del 04/03/2018 al 01/05/2018,"…Esparreguera. Barcelona. (Cataluña) http://www.lapassio.net/. La Passió de Esparreguera. Desde el siglo XVI se representa en Esparreguera el Gran Teatro de La Passió, reminiscencia de los antiguos ""autos"" medievales. Com…"
Cruces y Fuegos de Mayo,"Realejos,Los",Del 02/05/2018 al 03/05/2018,"…Realejos, Los. Tenerife. (Canarias) http://losrealejos.travel/fiestas/fiestas-destacadas/cruces-y-fuegos-de-mayo/. Las Fiestas de Mayo de Los Realejos combinan tradición popular con extraordinarias exhibiciones de fuegos…"
Fiestas de la Santísima Vera Cruz,CaravacadelaCruz,Del 01/05/2018 al 05/05/2018,"…Caravaca de la Cruz. Murcia. Conmemoran la aparición de la Santa Cruz en la antigua fortaleza del rey moro Abu-Zayt, en el siglo XIII. Esta fiesta se celebra desde la Edad Media y es una mezcla de cultura, historia y ley…"
Fiestas Mayores de Almansa,Almansa,Del 01/05/2018 al 06/05/2018,"…Almansa. Albacete. (Castilla-La Mancha) http://www.turismocastillalamancha.es/fiestas/fiestas-mayores-de-almansa-6477/descripcion/. Las fiestas de Almansa, en la región de Castilla – La Mancha, destacan por sus vistosos …"
Fiestas de la Ascensión,SantiagodeCompostela,10/05/2018,"…Santiago de Compostela. Coruña, A. (Galicia) http://www.santiagoturismo.com/. Es una de las fiestas más entrañables de Santiago de Compostela , en Galicia . Durante dos semanas tienen lugar numerosos eventos culturales y…"
Feria del Caballo,JerezdelaFrontera,Del 05/05/2018 al 12/05/2018,"…Jerez de la Frontera. Cádiz. (Andalucía) http://www.jerez.es/especiales/feria/. Todos los actos y celebraciones de esta fiesta giran en torno al mundo del caballo. La Feria del Caballo de Jerez es alegría, diversión y an…"
Festival de los patios cordobeses,Córdoba,Del 01/05/2018 al 13/05/2018,"…Córdoba. (Andalucía) El Festival de Patios te descubrirá una Córdoba de fiesta que vive el día en la calle a ritmo de flamenco y respirando el aroma a jazmín y azahar. Durante los días del Festival, los cordobeses abren …"
Fiesta medieval en Ibiza,Eivissa,Del 10/05/2018 al 13/05/2018,"…Passeig Vara de Rey, 1. 07800. Eivissa. Ibiza. (Baleares) Fax.: +34 971 301 740 | E-mail: info@ibiza.travel. http://www.ibiza.travel/en/articulo.php?fid=2442. Durante la segunda semana del mes de mayo se celebra en Ibiza…"
Concurso popular de Rejas y Balcones,Córdoba,Del 02/05/2018 al 14/05/2018,"…Córdoba. (Andalucía) www.turismodecordoba.org. Muchas viviendas del centro de la ciudad de Córdoba, en Andalucía, engalanan sus balcones y rejas para participar en este concurso que decide cada año cuál es el más bonito.…"
Feria de San Isidro,Madrid,Del 11/05/2018 al 15/05/2018,"…Madrid. http://www.esmadrid.com/. Madrid vive, en el mes de mayo, las fiestas de San Isidro, patrón de la ciudad. Las corridas de toros ocupan un lugar destacado en estos festejos, con un cartel taurino muy completo y un…"
La Caballada,Atienza,20/05/2018,…Atienza. Guadalajara. (Castilla-La Mancha) E-mail: ofi.turismo@cuenca.es. http://www.turismocastillalamancha.es/. Fiesta popular típica por sus trajes que rememoran la historia del pueblo. Conmemora la galopada de los ar…
"Girona, temps de flors (tiempo de flores)",Girona,Del 12/05/2018 al 20/05/2018,"…Rambla de la Llibertat, 1. 17004. Girona. (Cataluña) E-mail: turisme@ajgirona.cat. http://www.gironatempsdeflors.net. La muestra Girona, temps de flors, que se celebra todos los años, tiene lugar en el Barri Vell de Giro…"
Fiestas de San Juan del Monte,MirandadeEbro,21/05/2018,…Miranda de Ebro. Burgos. (Castilla y León) http://www.mirandadeebro.es/. Es una de las romerías más antiguas del norte español. Se trata de una festividad cuyo origen se remonta a la Edad Media. Sus numerosos actos culmi…
Romería del Rocío,Almonte,Del 20/05/2018 al 21/05/2018,…Almonte. Huelva. (Andalucía) http://www.andalucia.org/es/eventos/romeria-del-rocio/. Más de un millón de personas y casi un centenar de hermandades participan del fabuloso ambiente festivo con que se vive esta romería ha…
Feria de Córdoba,Córdoba,Del 19/05/2018 al 26/05/2018,"…Córdoba. (Andalucía) http://www.turismodecordoba.org. Córdoba celebra a finales de mayo la Feria de Nuestra Señora de la Salud. Con un marcado estilo andaluz, el recinto ferial acoge las casetas, que suelen estar abierta…"
Corpus Christi de Granada,Granada,26/05/2018,"…Granada. (Andalucía) http://www.granadatur.com/corpus. Granada celebra en los meses de mayo o junio la fiesta del Corpus Christi, cuyo origen está en los esfuerzos por cristianizar a la población después de siglos de dom…"
L'Aplec del Caragol,Lleida,Del 25/05/2018 al 27/05/2018,"…Lleida. (Cataluña) E-mail: aplec@aplec.org. http://www.aplec.org/. L’Aplec del Caragol (El Encuentro del Caracol) es la fiesta gastronómica por excelencia de Lleida. Durante tres días, miles de leridanos, organizados en …"
Corpus Christi de Villa de Mazo,VilladeMazo,31/05/2018,"…Pueblo, El. Villa de Mazo. Palma, La. (Canarias) E-mail: ayuntamiento@villademazo.es. http://www.villademazo.es/. Villa de Mazo, en la isla canaria de La Palma, se llena de colorido y de olor a flores durante la celebrac…"
Corpus Christi de Toledo,Toledo,31/05/2018,…Toledo. (Castilla-La Mancha) Fax.: +34 925255946 | E-mail: info@toledo-turismo.com. http://www.toledo-turismo.com. Las calles de Toledo se visten de gala para celebrar el Corpus Christi: una solemne procesión que transcu…
Procesión del Corpus,Béjar,31/05/2018,…Béjar. Salamanca. (Castilla y León) E-mail: turismo@ayobejar.com. www.aytobejar.com. La localidad de Béjar (Salamanca) celebra de un modo particular el Corpus Christi acompañándola de la “Procesión de los Hombres de Musg…
Alfombras de Serrín del Corpus de Elche de la Sierra,ElchedelaSierra,02/06/2018,"…Elche de la Sierra. Albacete. (Castilla-La Mancha) E-mail: alfombrasdeserrin@gmail.com. www.alfombrasdeserrin.com. En 1964, 10 vecinos de Elche de la Sierra (Albacete) realizaron por sorpresa una alfombra de virutas de c…"
Fiesta de La Patum de Berga,Berga,Del 30/05/2018 al 03/06/2018,"…Berga. Barcelona. (Cataluña) http://www.lapatum.cat/. La fiesta de La Patum de Berga, en Cataluña, ha sido proclamada Obra Maestra del Patrimonio Oral e Inmaterial de la Humanidad por la UNESCO. Esta fiesta acompaña al C…"
Corpus Christi de Sitges,Sitges,Del 02/06/2018 al 10/06/2018,"…Pl. Ajuntament, sn. Sitges. Barcelona. (Cataluña) E-mail: ajuntament@sitges.cat. http://www.sitges.cat/html/festivitat_de_corpus/. Las alfombras de flores engalanan las principales calles de este pueblo de Barcelona. Sit…"
Fiestas de San Bernabé,Logroño,Del 08/06/2018 al 12/06/2018,"…Logroño. Rioja, La. http://www.logroño.es. La ciudad de Logroño rememora anualmente, con sus fiestas patronales, la victoria que tuvo lugar en 1521 ante las tropas del ejército francés, al mando de André de Foix, señor d…"
Corpus Christi de Ponteareas,Ponteareas,Del 12/06/2018 al 18/06/2018,…Ponteareas. Pontevedra. (Galicia) Esta fiesta se celebra en Ponteareas el domingo siguiente al día del Corpus. Es la celebración más importante de esta localidad situada en la provincia de Pontevedra. Los festejos destac…
Sant Magí,Tarragona,Del 15/06/2018 al 19/06/2018,…Tarragona. (Cataluña) E-mail: turisme@tarragona.cat. www.tarragonaturisme.cat. Es una de las principales fiestas de la ciudad de Tarragona y en ella destacan los actos tradicionales relacionados con el agua. Durante la c…
Fiestas del fuego del solsticio de verano en los Pirineos,Los Pirineos,23/06/2018,"…Regiones de Sobrarbe y La Ribagorza (Aragón) y regiones de Alta Ribagorza, Berguedá, Pallars Jussà, Pallars Sobirá y la Val d'Aran (Cataluña). http://fallasdelpirineo.com. Una tradición ancestral con la que se celebra la…"
Paso del fuego,LasMóndidasSanPedroManrique,Del 23/06/2018 al 24/06/2018,…San Pedro Manrique. Soria. (Castilla y León) E-mail: turismo@dipsoria.es. http://www.sorianitelaimaginas.com/fiestas/paso-del-fuego-y-mondidas-san-pedro-manrique. Paso del fuego. Las Móndidas (San Pedro Manrique; Soria).…
Hogueras de San Juan,"Coruña,A",Del 23/06/2018 al 24/06/2018,"…Coruña, A. (Galicia) www.hoguerassanjuan.com. A Coruña , en Galicia, se convierte en una gigantesca hoguera cuando celebra la llegada del verano en la noche de San Juan. Ya en el mes de mayo comienzan diferentes activida…"
Sant Joan,Tarragona,Del 23/06/2018 al 24/06/2018,…Tarragona. (Cataluña) E-mail: turisme@tarragona.cat. www.tarragonaturisme.cat. La ciudad de Tarragona festeja la noche más corta del año con sus tradicionales hogueras. El solsticio de verano está asociado a una noche má…
De la Luna al Fuego,Zafra,Del 15/06/2018 al 24/06/2018,…Zafra. Badajoz. (Extremadura) E-mail: turismo@zafra.es. www.zafra.es. La celebración pretende evocar dos fiestas: la del Corpus y la de San Juan. Se trata de un acontecimiento intramuros donde se recrea el ambiente urban…
Hogueras de San Juan,Alicante-Alacant,Del 20/06/2018 al 24/06/2018,…Alicante-Alacant. (Comunidad Valenciana) Fax.: +34 966385268 | E-mail: federacio@hogueras.org. http://www.hogueras.org/. Hogueras de San Juan (Alicante). Alicante celebra la llegada del verano con las Hogueras de San Jua…
Batalla del Vino,Haro,29/06/2018,"…Haro. Rioja, La. http://www.batalladelvino.com/. La localidad riojana de Haro celebra el 29 de junio, día de San Pedro, una curiosa fiesta: la Batalla del Vino. El origen de esta tradición se remonta a un posible litigio…"
Romerías a Orreaga-Roncesvalles,Orreaga-Roncesvalles,Del 05/05/2018 al 30/06/2018,…31650. Orreaga-Roncesvalles. Navarra. Fax.: +34 948760301 | E-mail: oit.roncesvalles@navarra.es. Numerosos habitantes de diversas localidades de la zona de los Pirineos se desplazan en romería cada primavera para venerar…
Fiesta del Cordero,Lena,01/07/2018,"…Lena. Asturias. www.aytolena.es. Lena, en Asturias, celebra cada primer domingo de julio esta fiesta de degustación de cordero asado desde 1965. Cada año más personas se reúnen para saborear el cordero “a la estaca” en e…"
Fiesta de la Langosta,"Guarda,A",Del 30/06/2018 al 02/07/2018,"…Guarda, A. Pontevedra. (Galicia) www.aguarda.es/. A Guarda vive cada año la gran Fiesta de la Langosta. Este pueblo de la costa de Pontevedra rinde homenaje a este marisco típico de la zona en una celebración en la que p…"
Festival del Teatro Medieval,Hita,07/07/2018,"…c\ San Pedro, 6. 19248. Hita. Guadalajara. (Castilla-La Mancha) E-mail: turismo@hita.es. http://www.hita.es/web/. Festival del Teatro Medieval de Hita. Junto a las representaciones de obras medievales destacan los desfil…"
Romería de San Benito Abad,SanCristóbaldelaLaguna,Del 07/07/2018 al 08/07/2018,…San Cristóbal de la Laguna. Tenerife. (Canarias) E-mail: archivomunicipal@aytolalaguna.es. http://www.aytolalaguna.com. Se trata de una de las fiestas populares más tradicionales y arraigadas de las Islas Canarias. La Ro…
Fiestas de San Fermín,Pamplona-Iruña,Del 06/07/2018 al 14/07/2018,…Pamplona-Iruña. Navarra. http://www.turismo.navarra.es/esp/propuestas/san-fermines. Los encierros son el plato fuerte de esta famosa celebración que transforma Pamplona en una fiesta continua. La ciudad de Pamplona es co…
Festival Internacional del Mundo Celta,Ortigueira,Del 12/07/2018 al 15/07/2018,"…Ortigueira. Coruña, A. (Galicia) http://www.festivaldeortigueira.com/. Es uno de los macrofestivales más multitudinarios de España y todo un referente mundial de la música folk. Centrado en los sonidos celtas, este acont…"
Moros y Cristianos de Orihuela,FiestadelaReconquistaOrihuela,Del 15/07/2018 al 21/07/2018,"…C/ Francisco Die, 32-34. 03300. Orihuela. Alicante-Alacant. (Comunidad Valenciana) E-mail: secretaria@morosycristianosorihuela.es. http://www.morosycristianosorihuela.es/. Orihuela recuerda la liberación de la ciudad del…"
Festa del Renaixement,Tortosa,Del 19/07/2018 al 22/07/2018,…Tortosa. Tarragona. (Cataluña) E-mail: info@festadelrenaixement.cat. http://www.festadelrenaixement.org/. En la segunda quincena de julio Tortosa se transforma para viajar en el tiempo y mostrar el esplendor de una ciuda…
Certamen Internacional de Habaneras y Polifonía,Torrevieja,Del 22/07/2018 al 28/07/2018,"…Calle Patricio Pérez, 1 - 1ºC. 03181. Torrevieja. Alicante-Alacant. (Comunidad Valenciana) http://www.habaneras.org/. Se celebra en homenaje a los marinos de Torrevieja, en Alicante, que viajaban para comerciar con Cuba,…"
Ajedrez Viviente,Jávea-Xàbia,28/07/2018,…Jávea-Xàbia. Alicante-Alacant. (Comunidad Valenciana) http://www.xabia.org/ver/1611/Ajedrez-Viviente.html. Los niños de Xàbia-Jávea escenifican una obra de teatro sobre un gigantesco tablero de ajedrez. La ciudad de Xàbi…
Fiesta Vaqueira,Valdés,29/07/2018,…Aristebano. Valdés. Asturias. Celebración tradicional que se celebra desde el año 1959 cada último domingo del mes de julio. La fiesta está dedicada a los “vaqueiros” (grupo humano asturiano con profundas raíces y costum…
Fiesta de Santiago Apóstol,SantiagodeCompostela,Del 15/07/2018 al 31/07/2018,"…Santiago de Compostela. Coruña, A. (Galicia) http://www.santiagoturismo.com/. Las fiestas en honor al patrón de España y de Galicia viven su momento álgido durante los llamados “Fuegos del Apóstol”, la Ofrenda del Santo …"
Moros y Cristianos,VilaJoiosa-LaVillajoyosa,Del 24/07/2018 al 31/07/2018,"…Calle Ciutat de València, 27 entresuelo. 03570. Vila Joiosa-La Villajoyosa. Alicante-Alacant. (Comunidad Valenciana) E-mail: info@associaciosantamarta.org. http://www.villajoyosa.com/sites/desembarco/. Durante ocho días,…"
Fiesta de la Rama,Agaete,04/08/2018,"…C/ Triana 93. 35002. Agaete. Gran Canaria. (Canarias) Fax.: 928 219 601 | http://www.grancanaria.com/patronato_turismo/. Agaete, en el norte de la isla de Gran Canaria, celebra esta fiesta en honor a la Virgen de las Nie…"
Fiesta de las Piraguas,DescensoInternacionaldelSellaParres,04/08/2018,"…Arriondas. Parres. Asturias. http://www.descensodelsella.com. Desde 1930 se celebra esta fiesta deportiva, llena de música y colorido, que se ha convertido en una de las citas más importantes del piragüismo mundial. Todo…"
Día de Asturias en Gijón,Gijón,04/08/2018,"…Gijón. Asturias. http://www.gijon.info/. Día de Asturias en Gijón. El desfile de carrozas con bandas de música es el momento más destacado de esta fiesta. En este día, todos los alcaldes de Asturias acuden a Gijón como i…"
Romería Vikinga,Catoira,05/08/2018,…Catoira. Pontevedra. (Galicia) Cada primer domingo de agosto los habitantes de Catoira escenifican con un singular espectáculo las invasiones vikingas sufridas hace mil años. Miles de personas acuden cada año el primer d…
Descenso a nado de la ría de Navia,Navia,05/08/2018,"…Navia. Asturias. http://www.naviaturismo.com. Deporte y folclore coinciden en este evento tan singular. Navia, pueblo de la costa de Asturias, celebra en agosto el Descenso a Nado de la ría, una prestigiosa prueba intern…"
Fiesta del pan y el queso,Quel,06/08/2018,"…Quel. Rioja, La. http://www.lariojaturismo.com. Es una de las fiestas más antiguas de la Península Ibérica. Se desarrolla junto a la Ermita del Santo Cristo de Quel. Desde ella y en honor a la Virgen María, los miembros …"
Fiesta del Pulpo,"Carballiño,O",12/08/2018,"…Carballiño (O). Carballiño, O. Ourense. (Galicia) E-mail: info@festadopulpodocarballino.es. O Carballiño, en Ourense, celebra en el mes de agosto la tradicional Fiesta del Pulpo. En torno a grandes calderas de cobre, mil…"
Lecturas del Cantar de Roldán,Orreaga-Roncesvalles,15/08/2018,"…Orreaga-Roncesvalles. Navarra. La Iglesia de Santiago de Orreaga-Roncesvalles, en Navarra, es el escenario donde cada 15 de agosto es posible escuchar la lectura del poema “Cantar de Roldán”, en el que se narra la muerte…"
Fiestas Patronales de Nuestra Señora del Rosario,Valdés,15/08/2018,"…Luarca. Valdés. Asturias. La tradición marinera de la localidad está muy presente en los actos de estos festejos. En las fiestas de esta población de Asturias, el saleo (procesión marinera) de la Virgen del Rosario es el…"
Misterio de Elche,Elche-Elx,Del 11/08/2018 al 15/08/2018,"…Carrer Major de la Vila, 27. 03202. Elche-Elx. Alicante-Alacant. (Comunidad Valenciana) E-mail: comunicacion@misteridelx.com. http://www.misteridelx.com/. Esta representación religiosa ha sido proclamada por la UNESCO Ob…"
Verbena de la Paloma,Madrid,Del 12/08/2018 al 15/08/2018,…Madrid. https://www.esmadrid.com/fiestas-agosto-madrid. Es una de las fiestas populares de verano más importantes de Madrid junto a las de San Cayetano y San Lorenzo. Se hacen en honor a la Virgen de la Paloma y son una …
Fiestas de San Lorenzo,Huesca,Del 09/08/2018 al 15/08/2018,"…Huesca. (Aragón) http://www.huesca.es/areas/fiestas/. La segunda semana de agosto, Huesca celebra las fiestas en honor de su patrón, San Lorenzo. El sonido del cohete que se lanza desde el balcón del Ayuntamiento es la s…"
Fiestas de Nuestra Señora de la Asunción,"Alberca,La",Del 15/08/2018 al 16/08/2018,"…Alberca, La. Salamanca. (Castilla y León) E-mail: turismo@laalberca.com. http://www.laalberca.com/index.html. Fiestas de Nuestra Señora de la Asunción. De origen antiquisimo, se celebran frente al atrio de la iglesia y t…"
Fiesta del Asturcón,Piloña,18/08/2018,"…Sardeda. Piloña. Asturias. Celebración en honor al asturcón, caballo por antonomasia de la región de Asturias, y que tiene su origen en 1980, cuando la raza estaba en peligro de extinción. Tiene lugar en la villa de Sard…"
Semana Grande de San Sebastián,Donostia-SanSebastián,Del 11/08/2018 al 18/08/2018,"…Alameda Boulevard, 8. 20003. Donostia-San Sebastián. Gipuzkoa. (País Vasco) E-mail: sansebastianturismo@donostia.org. http://www.sansebastianturismo.com/es/. San Sebastián vive durante el mes de agosto su Semana Grande. …"
Feria de Málaga,Málaga,Del 11/08/2018 al 18/08/2018,…Málaga. (Andalucía) E-mail: info@malagaturismo.com. http://www.malagaturismo.com/. La Feria de Málaga conmemora la reconquista de la ciudad por los Reyes Católicos en agosto de 1487. En el antiguo Cortijo de Torres se si…
Semana del Renacimiento,MedinadelCampo,Del 14/08/2018 al 21/08/2018,"…Medina del Campo. Valladolid. (Castilla y León) E-mail: medina21@medinadelcampo.es. http://imperialesycomuneros.com/. Medina del Campo, en Valladolid, se traslada durante unos días a los siglos XV y XVI para recrear su m…"
Batalla de flores de Laredo,Laredo,24/08/2018,"…39770. Laredo. Cantabria. E-mail: batalladeflores@batalladeflores.net. http://batalladeflores.net/. La localidad de Laredo, en Cantabria, viste sus calles de flores cada último viernes de agosto con motivo de esta fiesta…"
Carreras de caballos en la playa,SanlúcardeBarrameda,Del 08/08/2018 al 24/08/2018,"…Sanlúcar de Barrameda. Cádiz. (Andalucía) http://www.sanlucarturismo.com/. Este emocionante y bello espectáculo deportivo es una de las competiciones hípicas más antiguas de Europa. Por las tardes, durante la bajamar, la…"
Festa da Istoria,Ribadavia,25/08/2018,…Ribadavia. Ourense. (Galicia) E-mail: oficina.turismo.ourense@xunta.es. http://www.turgalicia.es/. Festa da Historia de Ribadavia. Retorno a la Edad Media por un día. El último sábado de agosto es posible vivir una verda…
Feria de Almería,Almería,Del 17/08/2018 al 25/08/2018,"…Almería. (Andalucía) http://www.turismodealmeria.org/. En el marco de la Feria y Fiestas de Almería en honor a la patrona, la Virgen del Mar, se celebran diferentes actos para todos los públicos. De entre ellos destacan …"
Día del Traje Típico Ansotano,Ansó,Del 25/08/2018 al 26/08/2018,"…Ansó. Huesca. (Aragón) La localidad de Ansó, en la provincia de Huesca, celebra desde 1971 esta fiesta en honor a su traje típico. Cada último domingo de agosto, los ciudadanos de Ansó vuelven a vestir el traje típico de…"
Feria del Cabrales,Cabrales,26/08/2018,"…Las Arenas. Cabrales. Asturias. El pueblo asturiano de Arenas de Cabrales, en el corazón de los Picos de Europa, celebra el último domingo de agosto el Certamen del Queso de Cabrales. En este festejo se mezclan folclore …"
Semana Grande de Bilbao (Aste Nagusia),Bilbao,Del 18/08/2018 al 26/08/2018,…Bilbao. Bizkaia. (País Vasco) http://www.bilbaoturismo.net/BilbaoTurismo/es/folclore-y-fiestas-populares/aste-nagusia_2. Durante la Semana Grande de Bilbao se celebran las fiestas en honor a la Virgen de Begoña. La capit…
El Cipotegato,Tarazona,27/08/2018,"…Tarazona. Zaragoza. (Aragón) E-mail: cultura@tarazona.es. http://www.tarazona.es/tu-ciudad/conoce-tarazona/cultura-y-tradicion. Tradición festiva de la localidad de Tarazona, en Zaragoza (Aragón) y que tiene como protago…"
El Sexenni de Morella,Morella,Del 18/08/2018 al 27/08/2018,"…Plaza Sant Miquel s/n. Morella. Castellón-Castelló. (Comunidad Valenciana) http://www.morella.net/morella/conocenos/sexenni/. La ciudad de Morella, en Alicante, vive cada seis años su fiesta en honor a la Virgen de Valli…"
Fiesta de Nuestra Señora del Rosario,LosEncierrosdeCuéllarCuéllar,Del 26/08/2018 al 30/08/2018,"…Cuéllar. Segovia. (Castilla y León) http://www.jcyl.es/. Dentro de las fiestas patronales de la localidad de Cuéllar, a 60 kilómetros de Segovia, se realizan estos encierros taurinos que presumen de ser los más antiguos …"
La Tomatina,Buñol,30/08/2018,"…Buñol. Valencia-València. (Comunidad Valenciana) www.latomatina.info. El origen de esta multitudinaria ""batalla” de tomates se remonta a una pelea juvenil sucedida en el año 1945 y, desde entonces, no ha dejado de celebr…"
Fiesta Mayor de Vilafranca del Penedés,VilafrancadelPenedès,Del 29/08/2018 al 02/09/2018,"…Carrer de la Cort, 14. 08720. Vilafranca del Penedès. Barcelona. (Cataluña) E-mail: festamajor@vilafranca.cat. http://www.festamajorvilafranca.cat/. Fiesta en torno a la celebración de San Félix que llena las calles de b…"
Fiestas del Motín,Aranjuez,Del 01/09/2018 al 02/09/2018,…Plaza de la Constitución s/n 1ª Planta. Aranjuez. Madrid. E-mail: fiestas@aranjuez.es. http://www.aranjuez.es/index.php/fiestas. Representación del amotinamiento contra Godoy. En cada uno de los barrios de Aranjuez se re…
Las Guerras Cántabras,"CorralesdeBuelna,Los",Del 26/08/2018 al 04/09/2018,"…c/ San Jorge s/n Centro Social La Rasilla. 39400. Corrales, Los. Corrales de Buelna, Los. Cantabria. E-mail: secretaria@guerrascantabras.net. www.guerrascantabras.net. El pueblo de Corrales de Buelna, en la región de Can…"
Fiestas de la Mare de Déu de la Salut,Algemesí,Del 07/09/2018 al 08/09/2018,"…Algemesí. Valencia-València. (Comunidad Valenciana) Ayuntamiento de Algemesí. Fax.: +34 962019001 | E-mail: algemesi@touristinfo.net. http://www.algemesi.es. De origen medieval, las fiestas mayores de Algemesí, en honor …"
Fiesta de la Virgen de la Guía,Llanes,08/09/2018,"…33500. Llanes. Asturias. http://www.llanes.com/. La procesión nocturna con la imagen de la patrona sobresale en esta celebración. Llanes , en Asturias, conmemora en septiembre las fiestas patronales de la Virgen de la Gu…"
El Cascamorras,Baza,Del 06/09/2018 al 09/09/2018,"…Granada. (Andalucía) http://el-cascamorras.com/. La tradición enfrenta en una inofensiva batalla de pinturas al Cascamorras, un personaje que recuerda a los juglares medievales, con los habitantes de Baza y Guadix. Guadi…"
Romería de Nuestra Señora de la Barca,Muxía,09/09/2018,"…Muxia. Muxía. Coruña, A. (Galicia) Romería de Nuestra Señora de la Barca de Muxía. Alegre celebración de costumbres ancestrales. Es una de las romerías más famosas de Galicia. Se celebra desde el siglo XIV en esta locali…"
Fiestas Patronales de Segorbe,Segorbe,Del 25/08/2018 al 09/09/2018,"…Calle Marcelino Blasco, 0,. 12400. Segorbe. Castellón-Castelló. (Comunidad Valenciana) Tel.: +34 964713254 | +34 964711953 | E-mail: turismo@segorbe.es. http://www.turismo.segorbe.es/. La fiesta cuenta con un amplio prog…"
Romería de la Virgen de Gracia,SanLorenzodeElEscorial,09/09/2018,"…San Lorenzo de El Escorial. Madrid. http://www.romerosnsgracia.es. Romería de la Virgen de Gracia de San Lorenzo de El Escorial. Romería en torno a la imagen de la Virgen de Gracia con bailes típicos, carretas, actos rel…"
Feria de Valladolid,Valladolid,Del 01/09/2018 al 09/09/2018,"…Valladolid. (Castilla y León) http://www.info.valladolid.es/cultura/fiestas-y-ferias. Durante el mes de septiembre, época marcada por la recogida de la cosecha en los diferentes pueblos de Valladolid, se celebran en la c…"
Fiesta de Moros y Cristianos,Villena,Del 04/09/2108 al 09/09/2018,"…Villena. Alicante-Alacant. (Comunidad Valenciana) http://www.villenaenfiestas.com/. Su celebración se remonta a 1474 y se realiza en honor a Nuestra Señora de las Virtudes, Patrona de Villena, que libró a la ciudad de lo…"
Entrada de Toros y Caballos de Segorbe,Segorbe,Del 03/09/2018 al 09/09/2018,"…Plaza Alto Palancia, 3. Segorbe. Castellón-Castelló. (Comunidad Valenciana) Fax.: 964 713 911 | E-mail: turismo@segorbe.es. http://www.turismo.segorbe.es/. Durante las fiestas patronales de Segorbe se puede presenciar es…"
Fiestas patronales del Santísimo Cristo y San Vicente Ferrer,Graus,Del 12/09/2018 al 15/09/2018,"…Graus. Huesca. (Aragón) http://fiestasdegraus.blogspot.com.es/. Estos festejos comprenden numerosos actos de gran interés folclórico. Son las fiestas más importantes de Graus, en la provincia de Huesca. La celebración de…"
Feria de Salamanca,Salamanca,Del 07/09/2018 al 15/09/2018,"…Salamanca. (Castilla y León) http://www.salamanca.es/es/. Durante el mes de septiembre se celebran en Salamanca las Fiestas Patronales en Honor a la Virgen de la Vega. Conciertos, verbenas y otros espectáculos forman par…"
Fiestas Patronales en honor de la Virgen de Ermitana,Peníscola-Peñíscola,Del 07/09/2018 al 16/09/2018,"…Av. Espronceda, 24 A entresuelo. 12004. Peníscola-Peñíscola. Castellón-Castelló. (Comunidad Valenciana) http://www.peniscola.es/peniscola/fiestas-tradicionales/. Peñíscola rinde homenaje a su patrona con las danses, unos…"
Fiesta y Certamen de la Escanda,Grado,16/09/2018,…Grado. Asturias. Mercado temático para potenciar el cultivo y la utilización de escanda (una especie de trigo) en la gastronomía de Asturias. Tiene lugar en Grado cada segundo domingo de septiembre. El mercado ofrece la …
Fiestas de la Vendimia,JerezdelaFrontera,Del 01/09/2018 al 16/09/2018,"…Jerez de la Frontera. Cádiz. (Andalucía) http://www.jerez.es/especiales/fiestas_de_la_vendimia/. Fiestas de la Vendimia. Jerez de la Frontera celebra, en el mes de septiembre, las Fiestas de la Vendimia. Este evento coin…"
Feria de Albacete,Albacete,Del 07/09/2018 al 17/09/2018,"…Albacete. (Castilla-La Mancha) http://www.feriadealbacete.es/. Es el festejo más importante de la ciudad de Albacete. Se celebra en el mes de septiembre, durante diez días, y logra convocar a miles de personas. En su ori…"
Día de América en Asturias,Oviedo,19/09/2018,"…Oviedo. Asturias. Dentro de las populares fiestas de San Mateo de Oviedo , se celebra el desfile del Día de América en Asturias. Esta gran cabalgata surgió como un homenaje a los numerosos asturianos que emigraron a Amér…"
San Mateo,Cuenca,21/09/2018,"…Plaza Mayor, 1. 16001. Cuenca. (Castilla-La Mancha) http://sanmateo.cuenca.es/. Es una de las fiestas más importantes de Cuenca. Su origen histórico es la conquista de la ciudad por Alfonso VIII en 1177, ya que se cree q…"
Fiestas de la vendimia riojana,Logroño,Del 15/09/2018 al 22/09/2018,"…Logroño. Rioja, La. http://www.logroño.es. Logroño vive días de alegría por todo lo alto durante las Fiestas de la Vendimia Riojana, conocidas popularmente como las Fiestas de San Mateo. La ciudad se llena de colorido y …"
Fiestas de Santa Tecla,Tarragona,Del 15/09/2018 al 24/09/2018,"…Tarragona. (Cataluña) E-mail: ajuntament@tarragona.cat. http://www.tarragona.cat/cultura/festes-i-cultura-popular/santa-tecla. Fiestas de Santa Tecla.Tarragona. Gigantes, música, fuego y tradiciones populares. Esta celeb…"
Fiesta de los Santos Mártires de Valdecuna,Mieres,27/09/2018,…Mieres. Asturias. http://www.ayto-mieres.es/. La localidad de Mieres (Asturias) festeja esta tradición folklórica y religiosa en honor a San Cosme y San Damián. Cientos de romeros acuden a esta celebración que consiste e…
Procesión de El Vítor,Mayorga,27/09/2018,"…Mayorga. Valladolid. (Castilla y León) Fax.: +34 983751559 | E-mail: aytomayorga@aytomayorga.org. www.mayorga.ayuntamientosdevalladolid.es. Fuego, cantos y devoción al Santo. Cada 27 de septiembre se celebra en Mayorga l…"
Ceremonia de Las Cantaderas,León,30/09/2018,"…Av. Ordoño II nº 10. 24001. León. (Castilla y León) E-mail: atencion-ciudadano@aytoleon.es. www.leon.es. Según la tradición popular, esta fiesta conmemora la victoria cristiana en la Batalla de Clavijo y la liberación de…"
Fiestas del Pilar,Zaragoza,Del 06/10/2018 al 14/10/2018,"…Zaragoza. (Aragón) E-mail: turismo@zaragoza.es. http://www.zaragoza.es/ciudad/fiestaspilar. Zaragoza celebra, en el mes de octubre, las Fiestas del Pilar. Se trata de los festejos mayores de la capital de Aragón, y se ca…"
Semana de la Zarzuela,"Solana,La",Del 19/10/2018 al 28/10/2018,"…Solana, La. Ciudad Real. (Castilla-La Mancha) https://www.semanadelazarzuela.net/. La fiesta está dedicada por completo al género lírico español por excelencia: la zarzuela. Durante su celebración, los vecinos de la loca…"
Fiesta de la Rosa del Azafrán,Consuegra,Del 27/10/2018 al 28/10/2018,…Consuegra. Toledo. (Castilla-La Mancha) E-mail: ofturismo@aytoconsuegra.es. http://aytoconsuegra.es. En este evento se exalta la importancia del azafrán y se reivindica la cultura tradicional de Castilla-La Mancha. Consu…
Fiesta de San Martín o de los Humanitarios,Aller,11/11/2018,"…Moreda de Aller. Aller. Asturias. La localidad de Moreda (en Aller, Asturias) celebra cada 11 de noviembre una de las fiestas folclóricas más populares del otoño en Asturias. Organizada por la ""Sociedad Humanitarios de S…"
Fiesta del Orujo en Potes,Potes,Del 10/11/2018 al 11/11/2018,"…Potes. Cantabria. http://www.fiestadelorujo.es/. Es una de las fiestas más tradicionales de Potes, en Cantabria (al norte de España, en plenos Picos de Europa) y reúne cada año a miles de personas dispuestas a degustar e…"
Fiestas Patronales de la Virgen del Castillo,Yecla,Del 05/12/2018 al 08/12/2018,"…Yecla. Murcia. La fiesta data del siglo XVII, y entre sus actos sobresalen la bajada y la subida de la Virgen al Santuario. Yecla, en Murcia, celebra a principios del mes de diciembre las fiestas de la Virgen del Castill…"
Festividad de la Inmaculada Concepción,Sevilla,08/12/2018,…Sevilla. (Andalucía) La Catedral de Sevilla acoge esta celebración en la que todos los años se interpreta el tradicional baile de los seises. El día de la Inmaculada Concepción se conmemora en Sevilla con la danza de los…
El canto de la Sibila de Mallorca.,,24/12/2018,…Mallorca. (Baleares) http://www.conselldemallorca.net/. Ha sido declarado Patrimonio Cultural Inmaterial de la Humanidad por la UNESCO. Esta tradición (cuyo origen proviene de las representaciones que se desarrollaban en…
Nochevieja,Madrid,31/12/2018,"…Madrid. www.esmadrid.com. Durante la época navideña, una de las celebraciones más destacadas es la Nochevieja, una cena que se suele convertir en fiesta la última noche del año. A las doce en punto de la noche, las famil…"
Nochevieja de Pamplona,Pamplona-Iruña,31/12/2018,"…Pamplona-Iruña. Navarra. Los habitantes de Pamplona (Navarra) reciben el año nuevo disfrazándose de personajes variopintos a modo de anticipo del Carnaval. El ambiente festivo se concentra en el Casco Viejo, aunque tambi…"
Bautizo del niño de Palencia.,,01/01/2019,…Palencia. (Castilla y León) También conocida como “El bautizo” es una de las festividades con más reconocimiento de la provincia de Palencia. Se realiza en honor a la Cofradía del Dulce Nombre del Niño Jesús que se fundó…
Cabalgata de los Reyes Magos,Alcoy-Alcoi,05/01/2019,…Alcoy-Alcoi. Alicante-Alacant. (Comunidad Valenciana) Se celebra desde 1885 y se trata de la Cabalgata más antigua de España. Mayores y pequeños viven con especial emoción la Navidad y la llegada de los Reyes Magos en Al…
Auto Sacramental y Cabalgata de Reyes de Santillana del Mar,SantillanadelMar,05/01/2019,…Santillana. Santillana del Mar. Cantabria. http://turismodecantabria.com/. El municipio de Santillana del Mar celebra cada año esta fiesta en la que los ciudadanos representan distintas escenas relacionadas con el nacimi…
Fiestas de “La Vijanera”,Molledo,06/01/2019,"…Las Escuelas de Silió s/n. 39438. Silio. Molledo. Cantabria. E-mail: contacto@vijanera.com. www.vijanera.com. Cada primer domingo del año, la localidad de Silió (Molledo, Cantabria) celebra esta fiesta a modo de Carnaval…"
Misterio de Reyes,Sangüesa-Zangoza,06/01/2019,"…31400. Sangüesa-Zangoza. Navarra. E-mail: oit.sanguesa@navarra.es. La localidad de Sangüesa, en Navarra, acoge cada año esta representación del Auto Sacramental de los Reyes Magos. Es uno de los cinco existentes en Españ…"
Jarramplas,Piornal,Del 19/01/2019 al 20/01/2019,…Piornal. Cáceres. (Extremadura) E-mail: piornal@pistalocal.dip-caceres.es. http://www.piornal.es/fiestas. Fiesta popular que representa el castigo a un ladrón de ganado al que se intenta expulsar del pueblo. “Jarramplas”…
Fiesta de las Cuadrillas de Barranda,CaravacadelaCruz,Del 25/01/2019 al 27/01/2019,"…Barranda. Caravaca de la Cruz. Murcia. E-mail: info@fiestadelascuadrillas.com. http://www.fiestadelascuadrillas.com/. Barranda, en Murcia, celebra cada último domingo de enero esta fiesta, en la que diversos grupos (cuad…"
Fiesta de la Vaquilla,ColmenarViejo,02/02/2019,"…Colmenar Viejo. Madrid. http://www.colmenarviejo.com/. Colmenar Viejo, en Madrid, celebra cada 2 de febrero esta fiesta llena de color que rememora el traslado de reses. La fiesta se centra en el transporte de las vacas …"
Fiestas de moros y cristianos,Bocairent,Del 01/02/2019 al 05/02/2019,"…Bocairent. Valencia-València. (Comunidad Valenciana) E-mail: bocairent@touristinfo.net. http://www.bocairent.org/. Desfiles y mucha diversión conforman estas fiestas tan singulares. La primera semana de febrero, Bocairen…"
Javieradas,Javier,Del 04/03/2019 al 12/03/2019,"…Javier. Navarra. Fax.: +34 948884259 | E-mail: castillodejavier@jesuitas.es. www.turismo.navarra.es. Peregrinación en honor a San Francisco Javier que tiene lugar cada mes de marzo en la localidad de Javier, en Navarra. …"
Fallas de Sagunto,Sagunto-Sagunt,Del 15/03/2019 al 19/03/2019,"…Sagunto-Sagunt. Valencia-València. (Comunidad Valenciana) E-mail: sagunto@touristinfo.net. http://turismo.sagunto.es. Sagunto, en Valencia, celebra cada mes de marzo las populares fiestas de Fallas, en las que el fuego e…"
Fallas de San José,Valencia,Del 15/03/2019 al 19/03/2019,…Valencia. Valencia-València. (Comunidad Valenciana) E-mail: promocionexterior@fallas.com. http://fallas.com/. Valencia recibe la primavera con las Fallas. Durante meses preparan las monumentales y efímeras estatuas de ca…
Fallas de Alzira,Alzira,Del 16/03/2019 al 19/03/2019,"…Alzira. Valencia-València. (Comunidad Valenciana) http://www.fallasalzira.com/. Del 16 al 19 de marzo, el pueblo valenciano de Alzira celebra la fiesta de las Fallas. El fuego quema grandes monumentos alegóricos de cartó…"
Fiestas de la Magdalena,CastellóndelaPlana-CastellódelaPlana,Del 23/03/2019 al 31/03/2019,…Paseo Buenavista 28. 12100. Castellón de la Plana-Castelló de la Plana. Castellón-Castelló. (Comunidad Valenciana) E-mail: informadorturistico@castellonturismo.es. http://www.castellonturismo.com/fiestas/la-magdalena. So…
Vía Crucis de Semana Santa,Mérida,17/04/2019,…Mérida. Badajoz. (Extremadura) http://www.semanasantademerida.org/. Emocionante procesión que tiene lugar cada madrugada del miércoles santo al jueves santo en la ciudad de Mérida (Extremadura ). La celebración comienza …
Noche de los Tambores,Mula,Del 16/04/2019 al 17/04/2019,"…Mula. Murcia. http://www.murciaturistica.es/es/fiesta/la-noche-de-los-tambores-483/. En Mula, Murcia , la noche del Martes Santo el tambor es el protagonista y no descansa de sonar hasta bien entrado el Miércoles Santo. …"
Pasión Viviente de Castro Urdiales,Castro-Urdiales,19/04/2019,"…calle la Rúa, 13. 39700. Castro-Urdiales. Cantabria. http://www.pasionviviente.org. Castro Urdiales, en Cantabria, recrea cada Viernes Santo las últimas horas de vida de Jesucristo en sus calles con la participación de c…"
Picaos de San Vicente de la Sonsierra,SanVicentedelaSonsierra,Del 18/04/2019 al 19/04/2019,"…San Vicente de la Sonsierra. Rioja, La. http://www.sanvicentedelasonsierra.org/Los-Picaos.1392.0.html. El pueblo riojano de San Vicente de la Sonsierra celebra en Semana Santa la procesión de “los picaos”, una tradición …"
La Ronda y la Procesión de los Pasos,León,Del 19/04/2019 al 20/04/2019,…Av. Ordoño II nº 10. 24001. León. (Castilla y León) E-mail: atencion.ciudadano@aytoleon.es. http://www.aytoleon.es/es/ciudad/tradiciones/Paginas/SemanaSanta.aspx. Se trata de la procesión del Viernes Santo y de la ceremo…
Tamborada,Hellín,Del 17/04/2109 al 21/04/2019,"…02400. Hellín. Albacete. (Castilla-La Mancha) Fax.: +34 967305560 | E-mail: asociacion@tamborada.com. http://www.tamborada.com/. El momento cumbre de la Semana Santa de Hellín, en Albacete, es la Tamborada. Se trata de l…"
Semana Santa de Mérida,Mérida,Del 14/04/2019 al 21/04/2019,…Mérida. Badajoz. (Extremadura) http://www.semanasantademerida.org/. Los monumentos romanos de Mérida se convierten en uno de los mayores atractivos durante las procesiones de Semana Santa. La popular procesión de “la bor…
Semana Santa de Tobarra,Tobarra,Del 14/04/2019 al 21/04/2019,"…Tobarra. Albacete. (Castilla-La Mancha) http://www.turismocastillalamancha.es/fiestas/semana-santa-de-tobarra-6277/. La Semana Santa de Tobarra, en Albacete, se caracteriza por el constante sonido del tambor, que irrumpe…"
Semana Santa de Cáceres,Cáceres,Del 14/04/2019 al 21/04/2019,…Cáceres. (Extremadura) http://turismoextremadura.com/viajar/turismo/es/explora/Semana-Santa-en-Caceres/. Sobriedad y fervor religioso en un conjunto monumental declarado Patrimonio Mundial por la UNESCO. Cáceres celebra …
Semana Santa de Badajoz,Badajoz,Del 14/04/2019 al 21/04/2019,…Badajoz. (Extremadura) http://www.aytobadajoz.es/es/ayto/ferias-y-fiestas/semana-santa. Se trata de una celebración de gran arraigo en Badajoz y de masiva participación. La mayor parte de las cofradías actuales de esta c…
Ruta de la Pasión Calatrava.,Ciudad Real,Del 14/04/2019 al 21/04/2019,"…Ciudad Real. (Castilla-La Mancha) http://www.rutapasioncalatrava.es/. Con motivo de la celebración de la fiesta de la Semana Santa se trata de un recorrido por los municipios de Aldea del Rey, Almagro, Bolaños, Granátula…"
Semana Santa de Ciudad Real,Ciudad Real,Del 14/04/2019 al 21/04/2019,"…Calle Caballeros, 7. 13001. Ciudad Real. (Castilla-La Mancha) E-mail: asociacion@ciudadrealcofrade.es. http://www.ciudadrealcofrade.es/. Participativa, austera y de gran belleza plástica. La Semana Santa de Ciudad Real t…"
Semana Santa de Jerez de los Caballeros,JerezdelosCaballeros,Del 14/04/2019 al 21/04/2019,…Jerez de los Caballeros. Badajoz. (Extremadura) http://www.turismoextremadura.com. Una popular celebración que recrea cada año la pasión y muerte de Jesucristo en uno de los conjuntos monumentales más atractivos de Extre…
Semana Santa de Orihuela,Orihuela,Del 14/04/2019 al 21/04/2019,"…Orihuela. Alicante-Alacant. (Comunidad Valenciana) E-mail: juntamayor@semanasantaorihuela.com. http://www.semanasantaorihuela.com/. Espectacular, participativa y de una riqueza artística extraordinaria, gracias a algunas…"
Semana Santa de Crevillent,Crevillent,Del 14/04/2019 al 21/04/2019,"…03330. Crevillente. Crevillent. Alicante-Alacant. (Comunidad Valenciana) E-mail: info@semanasantacrevillent.com. http://semanasantacrevillent.es/. La Semana Santa de Crevillent, en Alicante, es una fusión de arte, devoci…"
Semana Santa de Cuenca,Cuenca,Del 14/04/2019 al 21/04/2019,"…Cuenca. (Castilla-La Mancha) E-mail: buzon@juntacofradiascuenca.es. http://www.juntacofradiascuenca.es. La Semana Santa es uno de los festejos más vistosos y emotivos. La singular estructura urbana de Cuenca, con sus cue…"
Semana Santa de Alcalá de Henares,AlcaládeHenares,Del 14/04/2019 al 21/04/2019,…Antiguo Hospital de Santa María la Rica Calle Santa María la Rica nº 3. Alcalá de Henares. Madrid. E-mail: cturismo@ayto-alcaladehenares.es. http://www.turismoalcala.es. La Ciudad Patrimonio de la Humanidad de Alcalá de …
Semana Santa de Cartagena,Cartagena,Del 14/04/2019 al 21/04/2019,…Cartagena. Murcia. http://semanasanta.cartagena.es. La Semana Santa de esta ciudad sobresale por los magníficos adornos florales de las imágenes religiosas. En Cartagena destaca la “rivalidad” entre las dos principales c…
Semana Santa de Lorca,Lorca,Del 14/04/2019 al 21/04/2019,"…Lorca. Murcia. http://semanasantalorca.com/. Lo que destaca de esta Semana Santa es la fastuosidad. También se conoce esta fiesta como ""Blancos y Azules"". Aunque hay más cofradías en Lorca estas dos son las más important…"
Semana Santa de Murcia,Murcia,Del 14/04/2019 al 21/04/2019,"…Murcia. E-mail: portal@regiondemurcia.com. http://www.regmurcia.com/servlet/s.Sl?sit=c,386,m,1287. Semana Santa de Murcia. La Semana Santa barroca. En esta Semana Santa son característicos los nazarenos (penitentes) que …"
Semana Santa de Toledo,Toledo,Del 14/04/2019 al 21/04/2019,…Toledo. (Castilla-La Mancha) E-mail: info@semanasantatoledo.com. http://www.semanasantatoledo.com/. Destaca la habilidad que muestran los cofrades a la hora de trasladar las imágenes por las estrechas calles de la ciudad…
Semana Santa de Jumilla,Jumilla,Del 14/04/2019 al 21/04/2019,"…Jumilla. Murcia. E-mail: info@semanasanta-jumilla.es. http://semanasanta-jumilla.es/. La Semana Santa de Jumilla, en Murcia, cuenta con casi seis siglos de antigüedad. Es la fiesta más importante de todas las que se cele…"
Semana Santa de Cieza,Cieza,Del 14/04/2019 al 21/04/2019,"…Cieza. Murcia. E-mail: jhp@semanasantadecieza.es. http://www.semanasantadecieza.es/. Con más de 450 años de antigüedad, esta fiesta religiosa de la Región de Murcia destaca por el colorido de las túnicas de sus 18 Cofrad…"
Semana Santa de Ocaña,Ocaña,Del 14/04/2019 al 21/04/2019,"…Ocaña. Toledo. (Castilla-La Mancha) E-mail: turismo@aytoocana.com. http://www.ocana.es. La Semana Santa de Ocaña, en Toledo, recorre las calles del pueblo desde hace 400 años. Sus procesiones destacan por el orden y el s…"
Semana Santa de Sagunto,Sagunto-Sagunt,Del 14/04/2019 al 21/04/2019,"…Sagunto-Sagunt. Valencia-València. (Comunidad Valenciana) E-mail: lasang@semanasantasagunto.com. http://www.semanasantasagunto.com/. El momento cumbre de la Semana Santa de Sagunto, en Valencia, es el Viernes Santo, con …"
Semana Santa Marinera de Valencia,Valencia,Del 14/04/2019 al 21/04/2019,…Valencia. Valencia-València. (Comunidad Valenciana) E-mail: secgral@jmssm.org. http://www.semanasantamarinera.org/. La ciudad de Valencia celebra en sus barrios marítimos esta festividad religiosa de gran tradición que t…
Semana Santa de Alzira,Alzira,Del 14/04/2019 al 21/04/2019,"…Alzira. Valencia-València. (Comunidad Valenciana) E-mail: JHHCC@semanasanta-alzira.com. http://www.semanasanta-alzira.com/. Desde el siglo XVI, Alzira, en Valencia, celebra su Semana Santa, una fiesta de gran tradición p…"
Semana Santa de Granada,Granada,Del 14/04/2019 al 21/04/2019,"…Granada. (Andalucía) http://www.granadatur.com/semana-santa. Escenarios monumentales para una celebración irrepetible llena de sabor. Son muchos los momentos inolvidables de la Semana Santa de Granada, en la que particip…"
Semana Santa de León,León,Del 14/04/2019 al 21/04/2019,"…Pza. Mayor, nº 1, 2º. 24003. León. (Castilla y León) E-mail: juntamayor.leon@gmail.com. http://www.semanasantaleon.org/. Durante esta celebración desfilan por la ciudad las extraordinarias imágenes creadas, hace siglos, …"
Semana Santa de Palencia,Palencia,Del 14/04/2019 al 21/04/2019,"…Palencia. (Castilla y León) http://www.palenciaturismo.es/portada. Desde el siglo XV, Palencia celebra sus fiestas de Semana Santa, caracterizadas por la fe, el silencio y el fervor religioso que se manifiesta durante es…"
Semana Santa Calagurritana,Calahorra,Del 14/04/2019 al 21/04/2019,"…Calahorra. Rioja, La. E-mail: info@semanasantacalahorra.es. http://semanasantacalahorra.es/ . Calahorra, en La Rioja, conmemora de un modo muy especial la pasión y muerte de Jesucristo, con la recreación de la época roma…"
Semana Santa de Viveiro,Viveiro,Del 14/04/2019 al 21/04/2019,…Viveiró. Viveiro. Lugo. (Galicia) http://www.turgalicia.es. Una emocionada representación de la muerte de Cristo. La Semana Santa de Viveiro tiene varios momentos significativos que hacen que el paso de las procesiones p…
Semana Santa de Riogordo,Riogordo,Del 14/04/2019 al 21/04/2019,…Plaza de la Constitución nº 14. 29180. Riogordo. Málaga. (Andalucía) Fax.: +34 952732380 | E-mail: info@riogordo.es. http://www.riogordo.es/es/index.html. Semana Santa de Riogordo (Málaga). La representación de la muerte…
Semana Santa de Logroño,Logroño,Del 14/04/2019 al 21/04/2019,"…Logroño. Rioja, La. www.xn--hermandadcofradiaslogroo-nlc.com/index.html. Al son de las trompetas y coincidiendo con la llegada de la primavera, Logroño se viste de largo para celebrar la Semana Santa, una de las fiestas …"
Semana Santa de Ponferrada,Ponferrada,Del 14/04/2019 al 21/04/2019,"…Ponferrada. León. (Castilla y León) www.ponferrada.org. Además de la devoción propia de la Semana Santa, las procesiones de Ponferrada tienen algo especial: el “lambrión chupacandiles”. Se trata de un cofrade (devoto) ve…"
Semana Santa de Cabra,Cabra,Del 14/04/2019 al 21/04/2019,"…Cabra. Córdoba. (Andalucía) www.turismodecabra.es/tradiciones/fiestas/semana-santa/. La Semana Santa de Cabra, en Córdoba, sobresale por la gran participación popular, que se vuelca con estos festejos, y por la riqueza a…"
Semana Santa de Jerez de la Frontera,JerezdelaFrontera,Del 14/04/2019 al 21/04/2019,"…Jerez de la Frontera. Cádiz. (Andalucía) http://www.jerez.es/especiales/la_semana_santa/. Durante esta celebración, las hermandades recorren el casco antiguo de Jerez de la Frontera en un impresionante alarde de arte y s…"
Semana Santa de Burgos,Burgos,Del 14/04/2019 al 21/04/2019,"…Burgos. (Castilla y León) http://semanasantaburgos.com/. Tiene su origen en las representaciones litúrgicas que, al menos desde el siglo XIII, cobran importancia en Castilla. De hecho, la mayor parte de las cofradías que…"
Semana Santa de Ávila,Ávila,Del 14/04/2019 al 21/04/2019,"…Ávila. (Castilla y León) http://www.avilaturismo.com. La Semana Santa de Ávila se celebra desde el siglo XVI. De entre sus numerosos actos sobresale la procesión del Miserere el Martes Santo, cuando se entona este canto …"
Semana Santa de Ferrol,Ferrol,Del 14/04/2019 al 21/04/2019,"…Ferrol. Coruña, A. (Galicia) E-mail: info@semanasantaferrol.org. http://www.semanasantaferrol.org/. Semana Santa de Ferrol. Procesiones con espíritu marinero. La Semana Santa de Ferrol es una de las más espléndidas del n…"
Semana Santa de Baena,Baena,Del 14/04/2019 al 21/04/2019,"…Baena. Córdoba. (Andalucía) http://www.baena.es/semana-santa-de-baena. Semana Santa de Baena (Córdoba). Religión, colorido y tambores. La Semana Santa de Baena es la fiesta más destacada de esta localidad cordobesa. Aunq…"
Semana Santa de Córdoba,Córdoba,Del 14/04/2019 al 21/04/2019,…Córdoba. (Andalucía) http://www.turismodecordoba.org/seccion/semana-santa-de-cordoba. Pasión y recogimiento en un centro histórico declarado Patrimonio Mundial por la UNESCO. La ciudad de Córdoba celebra esta fiesta con …
Semana Santa de Barbastro,Barbastro,Del 14/04/2019 al 21/04/2019,"…Barbastro. Huesca. (Aragón) http://www.semanasantabarbastro.org. La localidad de Barbastro, en Huesca, recrea cada año la pasión y muerte de Jesucristo con 12 desfiles religiosos por sus calles. La Semana Santa de Barbas…"
Semana Santa de Málaga,Málaga,Del 14/04/2019 al 21/04/2019,"…Paseo Antonio Machado nº 12, 5ª Planta, torre B. 29061. Málaga. (Andalucía) E-mail: info@malagaturismo.com. http://www.malagaturismo.com/. Uno de los momentos más bellos se produce durante el Viernes Santo en la Plaza de…"
Semana Santa de Salamanca,Salamanca,Del 14/04/2019 al 21/04/2019,…Salamanca. (Castilla y León) E-mail: info@ssantasalamanca.com. Los Oficios en la Universidad el Jueves Santo y el Descendimiento de Cristo son dos de los actos más destacados en esta celebración. La Semana Santa de Salam…
Semana Santa de Albalate del Arzobispo,AlbalatedelArzobispo,Del 14/04/2019 al 21/04/2019,"…Albalate del Arzobispo. Teruel. (Aragón) E-mail: ayuntamiento@albalatedelarzobispo.com. http://www.rutadeltamborybombo.com/. Albalate del Arzobispo, en Teruel, es uno de los nueve pueblos que forman parte de la Ruta del …"
Semana Santa de Teruel,Teruel,Del 14/04/2019 al 21/04/2019,"…Teruel. (Aragón) E-mail: turismo@teruel.net. http://www.rutadeltamborybombo.com/. Teruel , en Aragón, vive una Semana Santa intensa en la que no faltan los sonidos de tambores y bombos. Imágenes, hábitos y cofradías llen…"
Semana Santa de Urrea de Gaén,UrreadeGaén,Del 14/04/2019 al 21/04/2019,"…Urrea de Gaen. Urrea de Gaén. Teruel. (Aragón) E-mail: ayuntamiento@urreadegaen.com. http://www.rutadeltamborybombo.com/. Urrea de Gaén, en Teruel, es uno de los nueve pueblos que forman parte de la Ruta del Tambor y el …"
Semana Santa de Medina de Rioseco,MedinadeRioseco,Del 14/04/2019 al 21/04/2019,…Medina de Rioseco. Valladolid. (Castilla y León) Fax.: +34 983720383 | E-mail: turismo@medinaderioseco.com. http://www.medinaderioseco.com/semanasanta/. Esta conmemoración se celebra en esta localidad de Valladolid desde…
Semana Santa de Samper de Calanda,SamperdeCalanda,Del 14/04/2019 al 21/04/2019,"…Samper de Calanda. Teruel. (Aragón) Fax.: +34 978822428 | E-mail: aytosampercalanda@aragon.es. http://www.rutadeltamborybombo.com/. Samper de Calanda, en Teruel, es uno de los nueve pueblos que forman parte de la Ruta de…"
Semana Santa de Andorra,Andorra,Del 14/04/2019 al 21/04/2019,"…Andorra. Teruel. (Aragón) E-mail: turismo@culturandorra.com. http://www.rutadeltamborybombo.com/. Andorra, en Teruel, es uno de los nueve pueblos que forman parte de la Ruta del Tambor y el Bombo. Durante los días de Sem…"
Semana Santa de Calanda,Calanda,Del 14/04/2019 al 21/04/2019,"…Calanda. Teruel. (Aragón) E-mail: coordinadorasemanasantacalanda@gmail.com. http://www.semanasantaencalanda.com/. Calanda, en Teruel, es uno de los nueve pueblos que forman parte de la Ruta del Tambor y el Bombo. Durante…"
Semana Santa de Alcorisa,Alcorisa,Del 14/04/2019 al 21/04/2019,"…Alcorisa. Teruel. (Aragón) E-mail: infoturismo@alcorisa.org. http://www.rutadeltamborybombo.com/. Alcorisa, en Teruel, es uno de los nueve pueblos que forman parte de la Ruta del Tambor y el Bombo. Durante los días de Se…"
Semana Santa de La Puebla de Híjar,"PuebladeHíjar,La",Del 14/04/2019 al 21/04/2019,"…Puebla de Híjar, La. Teruel. (Aragón) E-mail: lapuebladehijar@gmail.com. http://www.rutadeltamborybombo.com/. La Puebla de Híjar, en Teruel, es uno de los nueve pueblos que forman parte de la Ruta del Tambor y el Bombo. …"
Semana Santa de Híjar,Híjar,Del 14/04/2019 al 21/04/2019,…Híjar. Teruel. (Aragón) E-mail: turismo@hijar.com. http://www.rutadeltamborybombo.com/. Semana Santa de Híjar (Teruel). Celebración de la Semana Santa en la ciudad de Híjar en la que la tamborrada es la actividad protago…
Semana Santa de Sevilla,Sevilla,Del 14/04/2019 al 21/04/2019,"…Sevilla. (Andalucía) E-mail: visitasevilla@sevilla.org. www.visitasevilla.es. En esta celebración destacan las tallas de Vírgenes bajo palio: barrocas imágenes con coronas de plata o de oro, mantos bordados y túnicas de …"
Semana Santa de Zamora,Zamora,Del 14/04/2019 al 21/04/2019,"…Zamora. (Castilla y León) E-mail: juntapro@semanasantadezamora.com. http://semanasantadezamora.com. En esta celebración, la música cobra especial protagonismo: los cantos gregorianos y corales contribuyen al esplendor de…"
Semana Santa de Zaragoza,Zaragoza,Del 14/04/2019 al 21/04/2019,…Zaragoza. (Aragón) E-mail: turismo@zaragoza.es. http://www.zaragoza.es/ciudad/turismo/es/semanasanta/. El sonido de los bombos y tambores es uno de los elementos más impactantes de esta fiesta. El origen de la Semana San…
Semana Santa de Valladolid,Valladolid,Del 14/04/2019 al 21/04/2019,…Valladolid. (Castilla y León) E-mail: informacion@valladolidturismo.com. http://www.jcssva.org/. En sus procesiones destacan las valiosas tallas realizadas por importantes escultores del barroco español. La Semana Santa …
Semana Santa de Alcañiz,Alcañiz,Del 14/04/2019 al 21/04/2019,"…Alcañiz. Teruel. (Aragón) http://www.rutadeltamborybombo.com/. Alcañiz, en Teruel, es uno de los nueve pueblos que forman parte de la Ruta del Tambor y el Bombo. Durante los días de Semana Santa, los redobles y el sonido…"
Bajada del Ángel de Peñafiel,Peñafiel,21/04/2019,"…Peñafiel. Valladolid. (Castilla y León) E-mail: info@turismopenafiel.com. http://www.semanasanta.turismopenafiel.com. Esta popular fiesta religiosa tiene lugar en el Domingo de Resurrección, durante la Semana Santa de Pe…"
Semana Santa de Medina del Campo,MedinadelCampo,Del 14/04/2019 al 21/04/2019,"…Medina del Campo. Valladolid. (Castilla y León) E-mail: info@semanasantamedina.com. www.semanasantamedina.com. Aquí se celebran, desde el siglo XV, las procesiones más antiguas de España. Medina del Campo , en Valladolid…"
Bajada de la Virgen de los Reyes,Frontera,03/07/2021,"…C/ Dr. Quintero 4. 38900. La Dehesa. Frontera. El Hierro. (Canarias) E-mail: turismo@el-hierro.org. http://www.bajadaelhierro.es/. El primer sábado de julio, cada cuatro años, la isla canaria de El Hierro celebra por tod…"
Día de los Santos Inocentes,,,"…Es una de las tradiciones más populares y divertidas de la Navidad española. Se celebra el 28 de diciembre y, durante ese día, está permitido gastar bromas y es habitual comprar artículos graciosos en mercadillos navideñ…"
Festa dos Maios,Ourense,,…Ourense. (Galicia) E-mail: oficina.turismo.ourense@xunta.es. http://www.turgalicia.es/. La Festa dos Maios celebra en Galicia la llegada del buen tiempo. Se trata de una fiesta de origen celta relacionada con la aparició…
Fiestas Patronales de Santo Domingo,SantoDomingodelaCalzada,,"…Santo Domingo de la Calzada. Rioja, La. http://www.santodomingodelacalzada.org/. Fiesta Patronales de Santo Domingo (La Rioja). Esta fiesta anual se caracteriza por actividades como ""las vueltas del Santo"" típica de la z…"
Corpus Christi y Romería de San Isidro,"Orotava,La",,"…Orotava, La. Tenerife. (Canarias) http://www.laorotava.es/fiestas-patronales. Esta fiesta es de origen decimonónico. El acto más solemne consiste en la confección de alfombras de flores naturales en las calles de la zona…"
Jornadas Medievales de Briones,Briones,,"…Briones. Rioja, La. E-mail: medievales@brionesmedieval.com. www.brionesmedieval.com. Cerca de 700 personas preparan su vestimenta y engalanan las calles y los portales de las casas señoriales del casco antiguo de Briones…"
Mercado Medieval de Nájera,Nájera,,"…Nájera. Rioja, La. http://www.najera.es/. La localidad de Nájera, en La Rioja, se transforma durante varios días para ofrecer a vecinos y turistas multitud de actividades típicas de la Edad Media. Durante la celebración …"
A Rapa das bestas de Sabucedo,"Estrada,A",,"…Sabucedo. Estrada, A. Pontevedra. (Galicia) E-mail: oficinaturismoaestrada@gmail.com. http://www.rapadasbestas.es/. Esta fiesta se celebra cada primera semana de julio y se remonta al siglo XV. Su protagonista es el nobl…"
Festival de la sidra natural,Nava,,"…Nava. Asturias. Nava celebra este certamen que gira en torno a la sidra. El pueblo de Nava, en Asturias, vive el segundo fin de semana del mes de julio, así como la semana anterior a esta fecha, su festejo más destacado:…"
Crónicas Najerenses,Nájera,,"…Nájera. Rioja, La. http://www.najera.es/. La localidad de Nájera, en La Rioja, acoge esta representación medieval en la Plaza del Monasterio de Santa María la Real con motivo de la celebración de los Festivales de Nájera…"
Ferias Colombinas,Huelva,,"…Huelva. (Andalucía) http://www.huelva.es/turismo/. Huelva celebra, durante los primeros días de agosto, sus Ferias Colombinas. Este evento, muy vinculado al Descubrimiento de América, conmemora la partida de las carabela…"
Fiestas de la tierra,Eivissa,,"…Paseo Vara de Rei, nº 1. 07800. Eivissa. Ibiza. (Baleares) Fax.: +34 971301740 | E-mail: info@ibiza.travel. http://www.ibiza.travel. Ibiza se viste de fiesta para celebrar sus fiestas patronales. La música, las competici…"
Recreación de la batalla de Arapiles,Arapiles,,"…Arapiles. Salamanca. (Castilla y León) http://www.arapiles.es/eventos.html. La fiesta reúne a expertos y a vecinos, que participan en la conmemoración de esta contienda histórica. En el mes de julio, el pueblo de Arapile…"
Festival Astur Romano La Carisa,Lena,,"…Carabanzo. Lena. Asturias. Fiesta que se celebra todos los años en la localidad de Carabanzo, Asturias, y rememora las luchas con los romanos. La fiesta recrea las batallas que en tiempos del Imperio Romano se libraron e…"
Fiesta del vino Albariño,Cambados,,"…Cambados. Pontevedra. (Galicia) E-mail: turismo@cambados.es. http://www.cambados.es/eportal/portal/index.php. El pueblo gallego de Cambados celebra la primera semana de agosto la Fiesta del Albariño, en la que se rinde h…"
Fiesta de la Vendimia,Montilla,,"…Montilla. Córdoba. (Andalucía) Los primeros días de septiembre, el pueblo andaluz de Montilla, en Córdoba, celebra la Fiesta de la Vendimia. Esta celebración arranca con el pisado de las uvas recogidas en los viñedos del…"
Fiestas Patronales en Honor de San Roque,VilagarcíadeArousa,,…Vilagarcía de Arousa. Pontevedra. (Galicia) Fax.: +34 986501227 | E-mail: oficinaturismo@vilagarcia.es. http://www.ivilagarcia.com/turismo. La Fiesta del Agua es el momento más esperado de la Semana Grande de Vilagarcía …
Fiesta de la Sidra Natural,Gijón,,"…Gijón. Asturias. Durante esta celebración, en la ciudad de Gijón (Asturias) se organiza un auténtico homenaje a la sidra, la bebida por excelencia de esta tierra. Uno de los momentos más importantes de la fiesta tiene lu…"
Día del Jamón de Monesterio,Monesterio,,…Monesterio. Badajoz. (Extremadura) http://www.jamondemonesterio.org/. La localidad de Monesterio (Badajoz) organiza esta jornada gastronómica en la que participan más de 10.000 personas de toda España. La fiesta comienza…
Encierros tradicionales,MedinadelCampo,,"…Medina del Campo. Valladolid. (Castilla y León) E-mail: medina21@medinadelcampo.es. http://www.encierrosmedina.es. Medina del Campo, en Valladolid, celebra durante sus fiestas patronales del mes de septiembre varios enci…"
Moros y Cristianos de Ontinyent,Ontinyent,,"…Ontinyent. Valencia-València. (Comunidad Valenciana) E-mail: secretaria@morosycristianos.eu. http://www.morosycristianos.eu. La ciudad de Ontinyent, en Valencia, rememora cada año desde 1860 la conquista cristiana de la …"
Feria Medieval de Buitrago del Lozoya,Buitrago del Lozoya,,"…Buitrago del Lozoya. Madrid. Oficina de Turismo. E-mail: turismo@buitrago.org. http://www.ayto-buitragodellozoya.es/. Una propuesta diferente que recuerda la época de los reyes, caballeros y princesas. Con la llegada del…"
Fiesta de Moros y Cristianos de Murcia,Murcia,,…Murcia. E-mail: presidente@morosycristianosmurcia.es. http://www.morosycristianosmurcia.es/. Se trata de una gran representación teatral en la que los actores son los propios habitantes de Murcia caracterizados. Las call…
Feria de Otoño,Madrid,,"…Madrid. E-mail: taquillas@taurodelta.es. www.las-ventas.com. La Feria de Otoño, festejo celebrado en la plaza de las Ventas de Madrid, tiene lugar a principios de octubre y supone el cierre de la temporada taurina. En Ma…"
Fiestas patronales en honor a la Sagrada Familia y el Santísimo Cristo,"Valld'Uixó,La",,"…Av. Espronceda, 24 A entresuelo. 12004. Vall d'Uixó, La. Castellón-Castelló. (Comunidad Valenciana) Fax.: 964 359 870 | E-mail: turismodecastellon@dipcas.es. http://turismodecastellon.com/. Diversión para todas las edade…"
Fiesta de Moros y Cristianos de Crevillent,Crevillent,,…Plaza Constitución nº 11. 03330. Crevillent. Alicante-Alacant. (Comunidad Valenciana) Fax.: 966682336 | E-mail: morosicristianscrevillent@gmail.com . http://www.morosicristianscrevillent.com/. Llaman la atención el color…
Fiestas de San Froilán,Lugo,,"…Lugo. (Galicia) http://lugo.gal/es. El origen de estos festejos que se celebran en Lugo se remonta a 1754. Desde entonces, se han convertido en una de las citas festivas más importantes de Galicia. Entre los días 4 y 12 …"
Fiesta del Marisco,"Grove,O",,"…Grove, O. Pontevedra. (Galicia) Fax.: +34 986731358 | E-mail: oftur@concellodogrove.com. http://www.turismogrove.es/es/fiestas/fiesta_del_marisco/#sit. O Grove, en la costa de Galicia, celebra en el mes de octubre la Fie…"
Semana de la cazuelica y el vino,Pamplona-Iruña,,…Pamplona-Iruña. Navarra. E-mail: info@hostelerianavarra.com. http://www.turismo.navarra.es. Varios bares y restaurantes de la ciudad de Pamplona participan de esta iniciativa que permite degustar la cocina regional navar…
Fiesta de la Vendimia de Cangas del Narcea,CangasdelNarcea,,…Cangas del Narcea. Asturias. http://www.ayto-cnarcea.es/. El centro de esta localidad de Asturias acoge una celebración en honor a la tradición milenaria de la elaboración del vino en esta región. Las calles se llenan de…
Feria de San Lucas,Jaén,,"…Jaén. (Andalucía) http://www.turjaen.org/es/que-hacer/fiestas-y-ocio. A mediados de octubre se celebran en Jaén las Fiestas Patronales en Honor a San Lucas, que se desarrolla en un recinto organizado en casetas y en el c…"
Jornadas del olivar y del aceite,Baena,,"…Baena. Córdoba. (Andalucía) http://www.baena.es. En el mes de noviembre, el pueblo de Baena (Córdoba) celebra unas jornadas dedicadas al olivar y al aceite elaborado en la zona, considerado como uno de los mejores del mu…"
Feria de Todos los Santos,Cocentaina,,"…Pl. de la Villa, 1. 0389. Cocentaina. Alicante-Alacant. (Comunidad Valenciana) E-mail: sic@cocentaina.org . http://www.cocentaina.es. Cocentaina, en Alicante (Comunidad Valenciana), celebra desde hace más de 600 años est…"
Semana Cervantina,AlcaládeHenares,,"…Alcalá de Henares. Madrid. E-mail: contacta@lacallemayor.net. www.culturalcala.es. La Ciudad Patrimonio de la Humanidad de Alcalá de Henares, en Madrid, homenajea a su figura más ilustre: Miguel de Cervantes, autor del “…"
Fiestas de Nuestra Señora de la Merced,Barcelona,,"…Pl Sant Jaume, 1. Barcelona. (Cataluña) http://merce.bcn.cat/es. Se celebran alrededor del 24 de septiembre y son las fiestas más importantes de la ciudad de Barcelona. . Se crearon en 1871, en honor de la Virgen de la …"
Fiestas lustrales de la bajada de la Virgen,SantaCruzdelaPalma,,"…Santa Cruz de la Palma. Palma, La. (Canarias) Estos festejos se celebran cada cinco años desde 1680. Incluye un número, la Danza de los Enanos, que está declarado Fiesta de Interés Turístico Nacional. Cada lustro, entre …"
Fiestas Patronales de Nuestra Señora del Rosario,Agüimes,,"…C/ Triana 93. 35002. Agüimes. Gran Canaria. (Canarias) Fax.: 928 219 601 | http://www.grancanaria.com/patronato_turismo/. La alegre rememoración de una antigua costumbre. Esta fiesta de la localidad de Agüimes, en Gran C…"
Corpus Christi de San Cristóbal de la Laguna,SanCristóbaldelaLaguna,,…San Cristóbal de la Laguna. Tenerife. (Canarias) E-mail: archivomunicipal@aytolalaguna.es. http://www.aytolalaguna.com/. Es una de las fiestas religiosas más antiguas que se celebra en la isla de Tenerife y viste las cal…
Fiestas de Carthagineses y Romanos,Cartagena,,…Cartagena. Murcia. Fax.: +34 968529406 | E-mail: secretariageneral@cartaginesesyromanos.es. http://www.cartaginesesyromanos.es/. Fiestas que recrean la conquista de Cartagena por el romano Escipión. Un desembarco conmemo…
Feria de Murcia,Murcia,,"…Murcia. Durante el mes de septiembre tiene lugar la Feria de Murcia, con diferentes actos festivos en diversos escenarios de la ciudad. La Feria acoge un gran número de actividades, por ejemplo en los Huertos del Malecón…"
Festival del Cante de las Minas,"Unión,La",,"…Unión, La. Murcia. http://festivalcantedelasminas.org/. La Unión, en Murcia, es la sede de la cita anual flamenca más importante del mundo: el Festival del Cante de las Minas. Cante, baile y toque de guitarra son las tre…"
Feria de Agosto,Xàtiva,,"…Xàtiva. Valencia-València. (Comunidad Valenciana) Fax.: +34 962282221 | E-mail: touristinfo_xativa@gva.es. http://www.xativaturismo.com/fira-de-xativa/. Xátiva vive esta fiesta tradicional desde 1250, en tiempos del rey …"
Festival de Exaltación del Botillo,Bembibre,,"…Plaza Mayor, Nº 1. 24300. Bembibre. León. (Castilla y León) E-mail: oficinadeturismo@leon.es. http://www.turismocastillayleon.com/es/arte-cultura-patrimonio/fiestas/festival-exaltacion-botillo. Festival de Exaltación del…"
Feria del Cocido,Lalín,,"…Lalín. Pontevedra. (Galicia) http://feiradococido.lalin.gal/. Es una de las ferias gastronómicas por excelencia del interior de Galicia. Durante más de 40 ediciones (se remonta a 1969), la localidad de Lalín, en Ponteved…"
Fiestas de Carnaval de Santa Cruz de Tenerife,SantaCruzdeTenerife,,"…Santa Cruz de Tenerife. Tenerife. (Canarias) http://carnavaldetenerife.com/. Multitud de personas se acercan todos los años a vivir esta fiesta, en la que no existen límites y sólo hay una obligación: divertirse. Ritmo, …"
Carnaval de Villarrobledo,Villarrobledo,,"…Villarrobledo. Albacete. (Castilla-La Mancha) http://carnaval.villarrobledo.com/. La localidad de Villarrobledo, en Albacete, alberga uno de los carnavales de mayor tradición de España. Se celebra desde principios del si…"
Carnaval de Badajoz,Badajoz,,"…Badajoz. (Extremadura) http://www.turismobadajoz.es. Es una de las fiestas más populares de Badajoz, en Extremadura. La ciudad se llena de disfraces, murgas y comparsas y destaca el Domingo de Carnaval gracias a su multi…"
Fiestas de Carnaval de Cádiz,Cádiz,,…Cádiz. (Andalucía) https://www.andalucia.org/es/carnaval-de-cadiz/. Cádiz prepara sus famosos carnavales durante todo el año. Un disfraz y ganas de divertirse es lo único que necesita para disfrutar de esta fiesta alegre…
El Carnaval de La Bañeza,"Bañeza,La",,"…Calle Fray Diego Alonso,9. 24750. Bañeza, La. León. (Castilla y León) E-mail: turismo@turismolabaneza.com . www.carnavaldelabaneza.com. La Bañeza, en León, se llena de carrozas, charangas y desfiles de disfraces a lo lar…"
Carnaval de Verín (O Entroido),Verín,,…Verín. Ourense. (Galicia) E-mail: turismo@verin.net. http://www.verin.es/. Las “fariñadas” (batallas de harina) y la figura del “Cigarrón” son los elementos característicos del Carnaval de Verín (Ourense). La fiesta comi…
Fiestas tradicionales Carnaval del Toro,CiudadRodrigo,,"…Ciudad-Rodrigo. Ciudad Rodrigo. Salamanca. (Castilla y León) E-mail: carnavaldeltoro@hotmail.com. http://www.carnavaldeltoro.es. Se trata de un carnaval relacionado con el mundo taurino. Durante estas fiestas, los mirobr…"
Bodas de Isabel de Segura,Teruel,,…Teruel. (Aragón) http://www.bodasdeisabel.com/. Durante el mes de febrero la ciudad de Teruel revive la tragedia de los “Amantes de Teruel” recreando un ambiente medieval y escenas de esta historia. Teruel forma parte de…
Carnaval de Xinzo de Limia,XinzodeLimia,,…Xinzo de Limia. Ourense. (Galicia) E-mail: concello@xinzodelimia.es. http://www.xinzodelimia.es/index.php. Carnaval de Xinzo de Limia (Ourense). El gran desfile es el Martes de Carnaval. Es el ciclo de carnaval más largo…
Fiestas de Carnaval de Águilas,Águilas,,"…Águilas. Murcia. E-mail: info@carnavaldeaguilas.org. http://www.carnavaldeaguilas.org/. Fiestas de Carnaval de Águilas. El lujo, el color, la gracia espontánea y la picardía popular son protagonistas. La fiesta de Carnav…"
O Antroido (Fiestas de Carnaval),SantiagodeCompostela,,"…Santiago de Compostela. Coruña, A. (Galicia) http://www.santiagoturismo.com/. Santiago de Compostela , en Galicia, celebra esta fiesta ancestral donde los disfraces y máscaras se mezclan con carrozas y platos típicos. O …"
Fiesta de la Arribada de la Carabela La Pinta,Baiona,,"…Baiona. Pontevedra. (Galicia) E-mail: oficinadeturismo@baiona.org. http://www.baiona.org/web/turismo/inicio. Baiona, en Pontevedra, conmemora con esta fiesta la llegada de la Carabela “La Pinta” a su puerto con la notici…"
Semana de la Música Religiosa,Cuenca,,"…16001. Cuenca. (Castilla-La Mancha) E-mail: informacion@smrcuenca.es. http://www.smrcuenca.es. En esta fiesta puede disfrutar con la emoción de las procesiones y, además, con las piezas musicales que interpretan orquesta…"
Ceremonia de las Cabezadas,León,29/04/2018,…León. (Castilla y León) www.leon.es. La Real Basílica de San Isidoro de León acoge esta fiesta cuyo nombre proviene de las tres reverencias que los representantes de la ciudad hacen al despedirse del Cabildo en honor a u…
Mercado de Gernika,Gernika-Lumo,29/10/2018,…Gernika-Lumo. Bizkaia. (País Vasco) Fax.: +34 946253212 | E-mail: turismo@gernika-lumo.net. http://www.gernika-lumo.net. Es una de las ferias gastronómicas más concurridas del País Vasco y tiene lugar en el centro histór…
Semana Santa de Astorga,Astorga,Del 14/04/2019 al 21/04/2019,"…C/ Enfermeras Mártires de Somiedo, 3. 24700. Astorga. León. (Castilla y León) E-mail: info@semanasanta-astorga.com. http://www.semanasanta-astorga.com/. Esta celebración religiosa se caracteriza por el contraste entre la…"