fiesta,fiestaLabel,locationLabel
http://www.wikidata.org/entity/Q21003744,Volatín de Tudela,Tudela
http://www.wikidata.org/entity/Q21480645,Fiesta del Vítor,Mayorga
http://www.wikidata.org/entity/Q21980996,Las Mondas,Talavera de la Reina
http://www.wikidata.org/entity/Q23199379,Auto Sacramental de los Reyes Magos,Santillana del Mar
http://www.wikidata.org/entity/Q23199388,Entroido de Verín,Verín
http://www.wikidata.org/entity/Q23199390,Moros y Cristianos de Bocairente,Bocairente
http://www.wikidata.org/entity/Q23199619,Semana Santa en Puente Genil,Puente Genil
http://www.wikidata.org/entity/Q23199623,Semana Santa en Arcos de la Frontera,Arcos de la Frontera
http://www.wikidata.org/entity/Q23199627,Semana Santa en Huércal-Overa,Huércal-Overa
http://www.wikidata.org/entity/Q23199628,Semana Santa en Riogordo,Riogordo
http://www.wikidata.org/entity/Q23199632,Semana Santa en Baena,Baena
http://www.wikidata.org/entity/Q23199634,Semana Santa en Castro del Río,Castro del Río
http://www.wikidata.org/entity/Q23199635,Semana Santa en Álora,Álora
http://www.wikidata.org/entity/Q23309268,Semana Santa en Calahorra,Calahorra
http://www.wikidata.org/entity/Q23309290,Semana Santa en Logroño,Logroño
http://www.wikidata.org/entity/Q23309296,Fiestas del Santo,Santo Domingo de la Calzada
http://www.wikidata.org/entity/Q23309463,Día de la Almadía,Burgui
http://www.wikidata.org/entity/Q23309493,Fiestas de Estella,Estella-Lizarra
http://www.wikidata.org/entity/Q23309739,Semana Santa en Ponferrada,Ponferrada
http://www.wikidata.org/entity/Q23309748,Corpus Christi en Béjar,Béjar
http://www.wikidata.org/entity/Q23309754,Fiestas de Nuestra Señora de la Asunción,La Alberca
http://www.wikidata.org/entity/Q23309758,Encierros de Medina del Campo,Medina del Campo
http://www.wikidata.org/entity/Q23452661,Pasión Viviente de Chinchón,Chinchón
http://www.wikidata.org/entity/Q23452764,Fiestas del Cristo de los Remedios,San Sebastián de los Reyes
http://www.wikidata.org/entity/Q23452890,Romería de la Virgen de Gracia,San Lorenzo de El Escorial
http://www.wikidata.org/entity/Q23540583,Fiestas Aracelinatas,Lucena
http://www.wikidata.org/entity/Q23541308,Semana Santa en Teruel,Teruel
http://www.wikidata.org/entity/Q23541310,Día del Traje Típico Ansotano,Ansó
http://www.wikidata.org/entity/Q23541312,Fiestas del Santo Cristo y San Vicente Ferrer,Graus
http://www.wikidata.org/entity/Q23615758,Fiestas Patronales en Honor de la Virgen de Ermitana,Peñíscola
http://www.wikidata.org/entity/Q23640572,Fiestas mayores de Almansa,Almansa
http://www.wikidata.org/entity/Q23640575,Semana de la Zarzuela,La Solana
http://www.wikidata.org/entity/Q23648119,Fallas de Sagunto,Sagunto
http://www.wikidata.org/entity/Q23648123,El Cerezo en Flor,Valle del Jerte
http://www.wikidata.org/entity/Q23648126,La Bajada del Ángel,Peñafiel
http://www.wikidata.org/entity/Q23648134,Semana Santa en Sagunto,Sagunto
http://www.wikidata.org/entity/Q23650029,Semana Santa en Mula,Mula
http://www.wikidata.org/entity/Q23650033,Semana Santa en Badajoz,Badajoz
http://www.wikidata.org/entity/Q23650034,Semana Santa en Jerez de los Caballeros,Jerez de los Caballeros
http://www.wikidata.org/entity/Q23650037,Moros y Cristianos de Bañeres,Bañeres
http://www.wikidata.org/entity/Q23650256,Romería de Nuestra Señora de la Cabeza,Andújar
http://www.wikidata.org/entity/Q23650260,Fiestas de las Cruces y los Fuegos de Mayo,
http://www.wikidata.org/entity/Q23650264,Corpus Christi en Villa de Mazo,Villa de Mazo
http://www.wikidata.org/entity/Q23650267,Octava del Corpus y Romería de San Isidro,La Orotava
http://www.wikidata.org/entity/Q23650270,Ajedrez Viviente,Jávea
http://www.wikidata.org/entity/Q23650273,Moros y Cristianos de Onteniente,Ontinyent
http://www.wikidata.org/entity/Q23650275,Fiestas de Segorbe,Segorbe
http://www.wikidata.org/entity/Q23650276,Feria de Murcia,Murcia
http://www.wikidata.org/entity/Q23650278,Romería de Nuestra Señora de la Barca,Muxía
http://www.wikidata.org/entity/Q23650279,Fiestas de Nuestra Señora del Rosario,
http://www.wikidata.org/entity/Q23650280,Moros y Cristianos de Crevillente,Crevillente
http://www.wikidata.org/entity/Q23650385,Fiesta del Marisco,El Grove
http://www.wikidata.org/entity/Q23653026,Fallas de Gandía,Gandía
http://www.wikidata.org/entity/Q23653034,Moros y Cristianos de Concentaina,Cocentaina
http://www.wikidata.org/entity/Q23653037,Moros y Cristianos de Ollería,Ollería
http://www.wikidata.org/entity/Q23653039,Fiesta del arroz,Sueca
http://www.wikidata.org/entity/Q23653040,Moros y Cristianos de Callosa de Ensarriá,Callosa de Ensarriá
http://www.wikidata.org/entity/Q23653344,Carnaval de Santoña,Santoña
http://www.wikidata.org/entity/Q23653347,La Folía,San Vicente de la Barquera
http://www.wikidata.org/entity/Q23653349,Gala Floral de Torrelavega,Torrelavega
http://www.wikidata.org/entity/Q26846554,Concurso Internacional de Paella Valenciana de Sueca,
http://www.wikidata.org/entity/Q129226,Feria del Caballo,Jerez de la Frontera
http://www.wikidata.org/entity/Q815872,Carnaval de Santa Cruz de Tenerife,Santa Cruz de Tenerife
http://www.wikidata.org/entity/Q827695,Tomatina,Buñol
http://www.wikidata.org/entity/Q829919,Sanfermines,
http://www.wikidata.org/entity/Q1236370,Hogueras de Alicante,Alicante
http://www.wikidata.org/entity/Q1324590,Romería de El Rocío,Almonte
http://www.wikidata.org/entity/Q1469338,Semana Santa en Sevilla,Sevilla
http://www.wikidata.org/entity/Q2115110,Misterio de Elche,Elche
http://www.wikidata.org/entity/Q2356144,Rapa das bestas,Galicia
http://www.wikidata.org/entity/Q2886090,Entierro de la Sardina en Murcia,Murcia
http://www.wikidata.org/entity/Q2918983,Feria de Abril,Sevilla
http://www.wikidata.org/entity/Q2939698,Carnaval de Cádiz,Cádiz
http://www.wikidata.org/entity/Q3001481,Carreras de caballos de Sanlúcar,Sanlúcar de Barrameda
http://www.wikidata.org/entity/Q3065313,Semana Santa en Vivero,Vivero
http://www.wikidata.org/entity/Q3092923,Carthagineses y Romanos,Cartagena
http://www.wikidata.org/entity/Q3327994,Procesión del Domingo de Ramos de Elche,Elche
http://www.wikidata.org/entity/Q3328419,Festival de Ortigueira,Ortigueira
http://www.wikidata.org/entity/Q3397662,Entrada de toros y caballos,Segorbe
http://www.wikidata.org/entity/Q3444111,Ruta del Tambor y el Bombo,Andorra (Teruel)
http://www.wikidata.org/entity/Q3444111,Ruta del Tambor y el Bombo,Alcañiz
http://www.wikidata.org/entity/Q3444111,Ruta del Tambor y el Bombo,Urrea de Gaén
http://www.wikidata.org/entity/Q3444111,Ruta del Tambor y el Bombo,Calanda
http://www.wikidata.org/entity/Q3444111,Ruta del Tambor y el Bombo,Albalate del Arzobispo
http://www.wikidata.org/entity/Q3444111,Ruta del Tambor y el Bombo,Alcorisa
http://www.wikidata.org/entity/Q3444111,Ruta del Tambor y el Bombo,Samper de Calanda
http://www.wikidata.org/entity/Q3444111,Ruta del Tambor y el Bombo,La Puebla de Híjar
http://www.wikidata.org/entity/Q3478355,Semana Santa en Palencia,Palencia
http://www.wikidata.org/entity/Q5048232,Cascamorras,Guadix
http://www.wikidata.org/entity/Q5048232,Cascamorras,Baza
http://www.wikidata.org/entity/Q5429969,Feria de Albacete,Albacete
http://www.wikidata.org/entity/Q5650710,Moros y Cristianos de Alcoy,Alcoy
http://www.wikidata.org/entity/Q5685566,Semana Santa en Murcia,Murcia
http://www.wikidata.org/entity/Q5719012,Bando de la Huerta,Murcia
http://www.wikidata.org/entity/Q5752929,Carnaval de Águilas,Águilas
http://www.wikidata.org/entity/Q5763483,Certamen Internacional de Habaneras y Polifonía de Torrevieja,Torrevieja
http://www.wikidata.org/entity/Q5861338,Festival del Cante de las Minas,La Unión
http://www.wikidata.org/entity/Q5861717,Fiesta de la Vendimia (Jerez de la Frontera),Jerez de la Frontera
http://www.wikidata.org/entity/Q5886937,Semana Santa en Zamora,Zamora
http://www.wikidata.org/entity/Q5962041,La Arribada,Bayona
http://www.wikidata.org/entity/Q6087155,Procesión del Corpus Christi de Toledo,Toledo
http://www.wikidata.org/entity/Q6124513,Semana Santa en Cuenca,Cuenca
http://www.wikidata.org/entity/Q6124517,Semana Santa en Cáceres,Cáceres
http://www.wikidata.org/entity/Q6124527,Semana Santa en Hellín,Hellín
http://www.wikidata.org/entity/Q6124557,Semana Santa en Medina de Rioseco,Medina de Rioseco
http://www.wikidata.org/entity/Q6124559,Semana Santa en Medina del Campo,Medina del Campo
http://www.wikidata.org/entity/Q6124571,Semana Santa en Orihuela,Orihuela
http://www.wikidata.org/entity/Q6124609,Semana Santa en Ávila,Ávila
http://www.wikidata.org/entity/Q7884112,Semana Santa en Cartagena,Cartagena
http://www.wikidata.org/entity/Q8355038,Descenso Internacional del Sella,Arriondas
http://www.wikidata.org/entity/Q8961628,Fiestas de la Magdalena (Castellón de la Plana),Castellón de la Plana
http://www.wikidata.org/entity/Q9075872,Semana Santa Ferrolana,Ferrol
http://www.wikidata.org/entity/Q9075873,Semana Santa en Granada,Granada
http://www.wikidata.org/entity/Q9075874,Semana Santa en León,León
http://www.wikidata.org/entity/Q9075878,Semana Santa en Lorca,Lorca
http://www.wikidata.org/entity/Q9075880,Semana Santa en Salamanca,Salamanca
http://www.wikidata.org/entity/Q9075883,Semana Santa en Málaga,Málaga
http://www.wikidata.org/entity/Q9075883,Semana Santa en Málaga,provincia de Málaga
http://www.wikidata.org/entity/Q9075887,Semana Santa en Valladolid,Valladolid
http://www.wikidata.org/entity/Q9075892,Semana Santa en Zaragoza,Zaragoza
http://www.wikidata.org/entity/Q12388488,Fiesta de Santiago Apóstol,Santiago de Compostela
http://www.wikidata.org/entity/Q16609048,Moros y Cristianos de Villajoyosa,Villajoyosa
http://www.wikidata.org/entity/Q23046683,Semana Santa en Crevillente,Crevillente
http://www.wikidata.org/entity/Q23047569,Romería Vikinga de Catoira,Catoira
http://www.wikidata.org/entity/Q23199311,Semana Santa en Toledo,Toledo
http://www.wikidata.org/entity/Q23199332,Hogueras de San Juan,La Coruña
http://www.wikidata.org/entity/Q23199370,Motín de Aranjuez,Aranjuez
http://www.wikidata.org/entity/Q25511382,Corpus Christi en Puenteareas,Puenteareas
http://www.wikidata.org/entity/Q1143768,Fallas de Valencia,Valencia
http://www.wikidata.org/entity/Q1236370,Hogueras de Alicante,Alicante
http://www.wikidata.org/entity/Q2176621,Q2176621,
http://www.wikidata.org/entity/Q3092925,Fiestas del Pilar,Zaragoza
http://www.wikidata.org/entity/Q5861807,Fiestas de Fuenlabrada,
http://www.wikidata.org/entity/Q8961595,Fiesta Mayor de Reus,Reus
http://www.wikidata.org/entity/Q11921891,Festa Major de Badalona,
http://www.wikidata.org/entity/Q11921892,Fiestas de Gracia,Villa de Gracia
http://www.wikidata.org/entity/Q11921893,Festa Major de Sant Joan Baptista de Valls,
http://www.wikidata.org/entity/Q11921926,Fiesta Mayor de San Luis,San Luis
http://www.wikidata.org/entity/Q11921927,Fiestas del Tura,Olot
http://www.wikidata.org/entity/Q16303295,"Fiestas de la Virgen, Yecla",Yecla
http://www.wikidata.org/entity/Q17301586,Fiesta Mayor de Castelltersol,Castelltersol
http://www.wikidata.org/entity/Q18696203,Fiesta Mayor de Villafranca del Panadés,Villafranca del Panadés
http://www.wikidata.org/entity/Q19917524,Festa Major del Clot,
http://www.wikidata.org/entity/Q20102845,Festa Major de Can Peguera,
http://www.wikidata.org/entity/Q20102966,Festa Major de la Prosperitat,
http://www.wikidata.org/entity/Q20103063,Festa Major de la Rambla,
http://www.wikidata.org/entity/Q20103076,Festes del Raval,
http://www.wikidata.org/entity/Q20104225,Festa Major d'Agost de Badalona,
http://www.wikidata.org/entity/Q20104229,Festa Major de la Dreta de l'Eixample,
http://www.wikidata.org/entity/Q20104233,Festa Major de la Salut,
http://www.wikidata.org/entity/Q20104238,"Festa Major de la Teixonera, Mas Falcó i Penitents",
http://www.wikidata.org/entity/Q20104248,Festa Major de Sant Antoni,
http://www.wikidata.org/entity/Q20104252,Festa Major del Besòs i del Maresme,
http://www.wikidata.org/entity/Q20104262,Festa Major del Fort Pienc,
http://www.wikidata.org/entity/Q20104265,Festa Major del Pi,
http://www.wikidata.org/entity/Q20104434,Festa Major del Carmel,
http://www.wikidata.org/entity/Q20104445,Festa Major del Poblenou,
http://www.wikidata.org/entity/Q20104469,Festa Major de la Font d'en Fargues,
http://www.wikidata.org/entity/Q20104482,Festa Major del Turó de la Peira,
http://www.wikidata.org/entity/Q20104506,Festa Major de Porta,
http://www.wikidata.org/entity/Q20104613,Festa Major de la Vall d'Hebron,
http://www.wikidata.org/entity/Q20104655,Festa Major del Casc Antic,
http://www.wikidata.org/entity/Q20104667,Festa Major de Verdum,
http://www.wikidata.org/entity/Q20104876,Fiesta Mayor de Granollers,
http://www.wikidata.org/entity/Q20104915,Festa Major de Ciutat Meridiana,
http://www.wikidata.org/entity/Q20104956,Festa Major de la Clota,
http://www.wikidata.org/entity/Q20104964,Festa Major del Guinardó,
http://www.wikidata.org/entity/Q20105027,Festa Major d'Horta,
http://www.wikidata.org/entity/Q20105877,Festa Major del Baix Guinardó,
http://www.wikidata.org/entity/Q20105975,Festa Major de la Barceloneta,
http://www.wikidata.org/entity/Q20106073,Festa Major de la Mare de Déu de la Riera de les Borges del Camp,Borjas del Campo
http://www.wikidata.org/entity/Q20106203,Festa Major de Montbau,
http://www.wikidata.org/entity/Q20106415,Festa Major de l'Esquerra de l'Eixample,
http://www.wikidata.org/entity/Q20106420,Festa Major de la Verneda i Sant Martí,
http://www.wikidata.org/entity/Q20106424,Festa Major de Nou Barris,
http://www.wikidata.org/entity/Q20106425,Festa Major de les Corts,
http://www.wikidata.org/entity/Q20106433,Festa Major del Camp d'en Grassot i de Gràcia Nova,
http://www.wikidata.org/entity/Q20106436,Festa Major del Coll,
http://www.wikidata.org/entity/Q20106450,Festes Majors d'Hivern de Sant Blai de la Fatarella,
http://www.wikidata.org/entity/Q20106481,Festa Major de Torre Baró,
http://www.wikidata.org/entity/Q20106650,Festa Major de la Trinitat Nova,
http://www.wikidata.org/entity/Q20106670,Festa Major de les Roquetes,
http://www.wikidata.org/entity/Q20106755,Festa Major de la Guineueta,
http://www.wikidata.org/entity/Q20106794,Festa Major de Sant Genís dels Agudells,
http://www.wikidata.org/entity/Q20107331,Festa Major de la Bordeta,
http://www.wikidata.org/entity/Q20107766,Festa Major de Can Baró,
http://www.wikidata.org/entity/Q20107785,Festa Major de Canyelles,
http://www.wikidata.org/entity/Q20108096,Festa Major de la Sagrada Família,
http://www.wikidata.org/entity/Q20108097,Festa Major de la Vila Olímpica,
http://www.wikidata.org/entity/Q20108098,Fiesta Mayor de las Nieves de Villanueva y Geltrú,Villanueva y Geltrú
http://www.wikidata.org/entity/Q20108299,Fiesta Mayor de Arbós,Arbós
http://www.wikidata.org/entity/Q20108749,Festa Major del Putget,
http://www.wikidata.org/entity/Q20109092,Festa Major de Vallbona,
http://www.wikidata.org/entity/Q20109116,Festa Major de Vilapicina i Torre Llobeta,
http://www.wikidata.org/entity/Q23199370,Motín de Aranjuez,Aranjuez
http://www.wikidata.org/entity/Q23309296,Fiestas del Santo,Santo Domingo de la Calzada
http://www.wikidata.org/entity/Q23309493,Fiestas de Estella,Estella-Lizarra
http://www.wikidata.org/entity/Q23309754,Fiestas de Nuestra Señora de la Asunción,La Alberca
http://www.wikidata.org/entity/Q23310065,Fiesta de las Candelas,Cea
http://www.wikidata.org/entity/Q23449316,Romería de la Virgen de las Angustias,La Milla del Río
http://www.wikidata.org/entity/Q23449563,Romería de San Froilán,Valdorria
http://www.wikidata.org/entity/Q23452764,Fiestas del Cristo de los Remedios,San Sebastián de los Reyes
http://www.wikidata.org/entity/Q23455600,Fiesta de San Sebastián,Villaviciosa de Odón
http://www.wikidata.org/entity/Q23459290,Fiestas de Nuestra Señora de los Santos y San Simón de Rojas,Móstoles
http://www.wikidata.org/entity/Q23459345,Embarcación de la Virgen de la Alarilla,Fuentidueña de Tajo
http://www.wikidata.org/entity/Q23500667,festa de Sant Nicasi,
http://www.wikidata.org/entity/Q23540271,Fiestas de San Sebastián,Lubrín
http://www.wikidata.org/entity/Q23540407,Fiestas de San Sebastián,Olula del Río
http://www.wikidata.org/entity/Q23540583,Fiestas Aracelinatas,Lucena
http://www.wikidata.org/entity/Q23540764,Fiesta de San Isidro Labrador,Estepona
http://www.wikidata.org/entity/Q23541026,Fiesta en Honor a Nuestra Señora del Rosario ,Carrión de los Céspedes
http://www.wikidata.org/entity/Q23541279,Fiestas de Nuestra Señora de Regla,Chipiona
http://www.wikidata.org/entity/Q23541312,Fiestas del Santo Cristo y San Vicente Ferrer,Graus
http://www.wikidata.org/entity/Q23640572,Fiestas mayores de Almansa,Almansa
http://www.wikidata.org/entity/Q23641859,Fiesta de San Antonio,Matarraña
http://www.wikidata.org/entity/Q23641876,Fiestas de San Sebastián,Castelserás
http://www.wikidata.org/entity/Q23641877,Fiesta de los Sanantones y la Encamisada,Estercuel
http://www.wikidata.org/entity/Q23641879,Fiestas de San Blas,Ateca
http://www.wikidata.org/entity/Q23647866,Fiestas de San Juan Evangelista y Santa Quiteria,Huete
http://www.wikidata.org/entity/Q23650275,Fiestas de Segorbe,Segorbe
http://www.wikidata.org/entity/Q23650279,Fiestas de Nuestra Señora del Rosario,
http://www.wikidata.org/entity/Q648409,La Vijanera,Silió
http://www.wikidata.org/entity/Q895266,Bous a la Mar,Denia
http://www.wikidata.org/entity/Q2054423,Carnaval de La Bañeza,La Bañeza
http://www.wikidata.org/entity/Q2834310,Fallas de Alcira,Alcira
http://www.wikidata.org/entity/Q2890938,Batalla del vino,Haro
http://www.wikidata.org/entity/Q3092925,Fiestas del Pilar,Zaragoza
http://www.wikidata.org/entity/Q3181317,Fiestas de la Merced,Barcelona
http://www.wikidata.org/entity/Q3395702,Fiesta del albariño,Cambados
http://www.wikidata.org/entity/Q4121017,Festival de los Patios Cordobeses,Córdoba
http://www.wikidata.org/entity/Q4163493,La Pasión de Callosa de Segura,Callosa de Segura
http://www.wikidata.org/entity/Q4848804,Fiestas Lustrales de la Bajada de la Virgen de las Nieves,Santa Cruz de La Palma
http://www.wikidata.org/entity/Q4895460,Fiestas de Santa Tecla,Tarragona
http://www.wikidata.org/entity/Q4896555,El Jarramplas,Piornal
http://www.wikidata.org/entity/Q5121286,Cipotegato,Tarazona
http://www.wikidata.org/entity/Q5400462,Carreritas,
http://www.wikidata.org/entity/Q5552003,Semana Santa en Jumilla,Jumilla
http://www.wikidata.org/entity/Q5660198,Fiestas de San Bernabé,Logroño
http://www.wikidata.org/entity/Q5667441,Semana Santa en Utrera,Utrera
http://www.wikidata.org/entity/Q5691435,Semana Santa en Ciudad Real,Ciudad Real
http://www.wikidata.org/entity/Q5722479,Batalla de Flores,Laredo
http://www.wikidata.org/entity/Q5737798,Caballada de Atienza,Atienza
http://www.wikidata.org/entity/Q5752821,Carnaval de Badajoz,Badajoz
http://www.wikidata.org/entity/Q5752915,Carnaval de Villarrobledo,Villarrobledo
http://www.wikidata.org/entity/Q5752931,Carnaval del Toro,Ciudad Rodrigo
http://www.wikidata.org/entity/Q5789983,Coso Blanco,Castro Urdiales
http://www.wikidata.org/entity/Q5803879,Descenso a nado de la ría del Navia,Navia
http://www.wikidata.org/entity/Q5815728,Día de América en Asturias,Oviedo
http://www.wikidata.org/entity/Q5815733,Día de Cantabria,Cabezón de la Sal
http://www.wikidata.org/entity/Q5820985,Bautizo del Niño,Palencia
http://www.wikidata.org/entity/Q5832389,Encierros de Cuéllar,Cuéllar
http://www.wikidata.org/entity/Q5860920,Festival Folklórico de los Pirineos,Jaca
http://www.wikidata.org/entity/Q5860920,Festival Folklórico de los Pirineos,Oloron-Sainte-Marie
http://www.wikidata.org/entity/Q5861076,Festival Medieval de Hita,Hita
http://www.wikidata.org/entity/Q5861311,Festival de la Sidra,Nava
http://www.wikidata.org/entity/Q5861673,Fiesta de La Vaquilla,Colmenar Viejo
http://www.wikidata.org/entity/Q5861679,Fiesta de Nuestra Señora del Rosario (Luarca),Luarca
http://www.wikidata.org/entity/Q5861721,Fiesta de la Virgen de la Guía,Llanes
http://www.wikidata.org/entity/Q5861740,Fiesta de las Cuadrillas,Barranda
http://www.wikidata.org/entity/Q5861769,Fiesta del Orujo,Potes
http://www.wikidata.org/entity/Q5861770,Fiesta del Pan y del Queso,Quel
http://www.wikidata.org/entity/Q5861825,Fiestas de San Lorenzo (Huesca),Huesca
http://www.wikidata.org/entity/Q5861827,Fiestas de San Mateo,Logroño
http://www.wikidata.org/entity/Q5861870,Fiestas patronales Sagrada Familia y Santísimo Cristo,Vall de Uxó
http://www.wikidata.org/entity/Q5887906,Guerras Cántabras (fiesta),Los Corrales de Buelna
http://www.wikidata.org/entity/Q5936421,Jornadas medievales de Briones,Briones
http://www.wikidata.org/entity/Q6019517,Misterio de Obanos,Obanos
http://www.wikidata.org/entity/Q6038341,Naseiro,Vivero
http://www.wikidata.org/entity/Q6065752,Pasión Viviente de Castro Urdiales,Castro Urdiales
http://www.wikidata.org/entity/Q6124466,Semana Santa de Jaén,Jaén
http://www.wikidata.org/entity/Q6124473,Semana Santa en Alcira,Alcira
http://www.wikidata.org/entity/Q6124477,Semana Santa en Almería,Almería
http://www.wikidata.org/entity/Q6124485,Semana Santa en Astorga,Astorga
http://www.wikidata.org/entity/Q6124498,Semana Santa en Burgos,Burgos
http://www.wikidata.org/entity/Q6124500,Semana Santa en Cabra,Cabra
http://www.wikidata.org/entity/Q6124511,Semana Santa en Cieza,Cieza
http://www.wikidata.org/entity/Q6124521,Semana Santa en Estepa,Estepa
http://www.wikidata.org/entity/Q6124531,Semana Santa en Huelva,Huelva
http://www.wikidata.org/entity/Q6124533,Semana Santa en Jerez de la Frontera,Jerez de la Frontera
http://www.wikidata.org/entity/Q6124542,Semana Santa en Linares,Linares
http://www.wikidata.org/entity/Q6124544,Semana Santa en Loja,Loja
http://www.wikidata.org/entity/Q6124551,Semana Santa en Martos,Martos
http://www.wikidata.org/entity/Q6124564,Semana Santa en Mérida,Mérida
http://www.wikidata.org/entity/Q6124566,Semana Santa en Ocaña,Ocaña
http://www.wikidata.org/entity/Q6124569,Semana Santa en Olvera,Olvera
http://www.wikidata.org/entity/Q6124586,Semana Santa en San Fernando (Cádiz),San Fernando
http://www.wikidata.org/entity/Q6124598,Semana Santa en Tobarra,Tobarra
http://www.wikidata.org/entity/Q6124611,Semana Santa en Écija,Écija
http://www.wikidata.org/entity/Q6124613,Semana Santa en Úbeda,Úbeda
http://www.wikidata.org/entity/Q6711801,Aplec del Caragol,Lérida
http://www.wikidata.org/entity/Q7401479,Fiestas de San Juan del Monte,Miranda de Ebro
http://www.wikidata.org/entity/Q8771143,Día de Asturias en Gijón,Gijón
http://www.wikidata.org/entity/Q8961227,Feria de Todos los Santos de Cocentaina,Cocentaina
http://www.wikidata.org/entity/Q8961606,Fiesta del Agua de Villagarcía de Arosa,Villagarcía de Arosa
http://www.wikidata.org/entity/Q8961623,Fiestas de San Vicente Ferrer,Vall de Uxó
http://www.wikidata.org/entity/Q9024118,Los Picaos de San Vicente de la Sonsierra,San Vicente de la Sonsierra
http://www.wikidata.org/entity/Q9035210,Moros y Cristianos de Villena,Villena
http://www.wikidata.org/entity/Q9056620,Paso del Fuego,San Pedro Manrique
http://www.wikidata.org/entity/Q9066149,Rally Internacional Barcelona-Sitges,Sitges
http://www.wikidata.org/entity/Q9075846,Semana Santa Marinera,Poblados Marítimos
http://www.wikidata.org/entity/Q9075862,Semana Santa en Baeza,Baeza
http://www.wikidata.org/entity/Q9075868,Semana Santa en Córdoba,Córdoba
http://www.wikidata.org/entity/Q9076605,Sexenio de Morella,
http://www.wikidata.org/entity/Q11166489,Cabalgata de Reyes Magos de Alcoy,Alcoy
http://www.wikidata.org/entity/Q11915705,Corpus de Sitget,Sitges
http://www.wikidata.org/entity/Q11921918,Fiesta del Renacimiento,Tortosa
http://www.wikidata.org/entity/Q11922101,Feria de Agosto de Játiva,Xátiva
http://www.wikidata.org/entity/Q11947723,Santíssim Misteri de Cervera,Cervera
http://www.wikidata.org/entity/Q11949578,Semana Medieval de San Jorge,Montblanc
http://www.wikidata.org/entity/Q12388467,Fiesta de la Historia,Ribadavia
http://www.wikidata.org/entity/Q12388482,Fiesta del Pulpo de O Carballiño,Carballino
http://www.wikidata.org/entity/Q12388485,Fiestas de San Froilán de Lugo,Lugo
http://www.wikidata.org/entity/Q16303295,"Fiestas de la Virgen, Yecla",Yecla
http://www.wikidata.org/entity/Q17632257,Festival de Exaltación del Botillo,Bembibre
http://www.wikidata.org/entity/Q17632299,Fiestas de Santa Ana,Tudela
http://www.wikidata.org/entity/Q17993325,Alfombras de Serrín de Elche de la Sierra,Elche de la Sierra
http://www.wikidata.org/entity/Q20001242,La Pasión de Esparraguera,Esparraguera
http://www.wikidata.org/entity/Q20014639,Día de la Faldeta,Fraga
http://www.wikidata.org/entity/Q20017036,La Bajada del Ángel,Tudela
http://www.wikidata.org/entity/Q20541714,Entroido de Ginzo de Limia,Ginzo de Limia
http://www.wikidata.org/entity/Q20544324,Fiesta del Cocido,Lalín
http://www.wikidata.org/entity/Q3392407,Arde Lucus,Lugo
http://www.wikidata.org/entity/Q5752861,Carnaval de Laza,Laza
http://www.wikidata.org/entity/Q5799146,Danza de San Sebastián de Aldán,Aldán
http://www.wikidata.org/entity/Q5858753,Feria Franca Medieval,Betanzos
http://www.wikidata.org/entity/Q5861700,Fiesta de la Almeja,Villagarcía de Arosa
http://www.wikidata.org/entity/Q6003103,Maruxaina,San Ciprián
http://www.wikidata.org/entity/Q6038341,Naseiro,Vivero
http://www.wikidata.org/entity/Q8961500,Festa da Dorna,Riveira
http://www.wikidata.org/entity/Q9066621,Rapa das Bestas de Sabucedo,Sabucedo
http://www.wikidata.org/entity/Q12388339,Feria del Bonito,Burela
http://www.wikidata.org/entity/Q12388466,Fiesta de la Virgen de Guadalupe,Rianjo
http://www.wikidata.org/entity/Q12388467,Fiesta de la Historia,Ribadavia
http://www.wikidata.org/entity/Q12388474,Festa do Boi de Allariz,Allariz
http://www.wikidata.org/entity/Q12388477,Fiesta del Carnero al Espeto,Moraña
http://www.wikidata.org/entity/Q12388480,Fiesta de Exaltación del Pan de Cea,San Cristóbal de Cea
http://www.wikidata.org/entity/Q12388481,Fiesta del Pulpo,Mugardos
http://www.wikidata.org/entity/Q12388642,Folión de Carros,Chantada
http://www.wikidata.org/entity/Q12399211,Romería de la tortilla de laro,Silleda
http://www.wikidata.org/entity/Q12399215,Fiestas de San Benitiño de Lérez,Pontevedra
http://www.wikidata.org/entity/Q12400240,Semana Santa de Cangas,Cangas de Morrazo
http://www.wikidata.org/entity/Q12400241,Semana Santa de Paradela,Meis
http://www.wikidata.org/entity/Q19009993,Feira Franca,Pontevedra
http://www.wikidata.org/entity/Q20020062,Fiesta del Choco,Redondela
http://www.wikidata.org/entity/Q20544790,As Fachas de Castelo,Taboada
http://www.wikidata.org/entity/Q20545088,Fiesta de la Coca de Redondela,Redondela
http://www.wikidata.org/entity/Q20545101,Fiesta de la Empanada de Bandeira,Silleda
http://www.wikidata.org/entity/Q20545124,Fiesta de la Filloa de Lestedo,Boqueijón
http://www.wikidata.org/entity/Q20545134,Fiesta de la Filloa de Muimenta,Cospeito
http://www.wikidata.org/entity/Q20545224,Fiesta del Queso de Arzúa,Arzúa
http://www.wikidata.org/entity/Q20545259,Fiesta de San Roque (Betanzos),Betanzos
http://www.wikidata.org/entity/Q20548926,Festa do gaiteiro de Soutelo de Montes,Forcarey
http://www.wikidata.org/entity/Q23660970,Fiesta del Botillo,O Barco de Valdeorras
http://www.wikidata.org/entity/Q23660973,Carnaval de Cobres,Vilaboa
http://www.wikidata.org/entity/Q23660979,Carnaval del Ulla-Carnaval de los Generales,Santiago de Compostela
http://www.wikidata.org/entity/Q23660979,Carnaval del Ulla-Carnaval de los Generales,Touro
http://www.wikidata.org/entity/Q23660979,Carnaval del Ulla-Carnaval de los Generales,Boqueijón
http://www.wikidata.org/entity/Q23660979,Carnaval del Ulla-Carnaval de los Generales,Villa de Cruces
http://www.wikidata.org/entity/Q23660979,Carnaval del Ulla-Carnaval de los Generales,Silleda
http://www.wikidata.org/entity/Q23660979,Carnaval del Ulla-Carnaval de los Generales,Vedra
http://www.wikidata.org/entity/Q23660979,Carnaval del Ulla-Carnaval de los Generales,La Estrada
http://www.wikidata.org/entity/Q23660979,Carnaval del Ulla-Carnaval de los Generales,Teo
http://www.wikidata.org/entity/Q23660997,Carnaval de Maceda,Maceda
http://www.wikidata.org/entity/Q23661019,Festa da Androlla e O Entroido,Viana del Bollo
http://www.wikidata.org/entity/Q23661091,Folión del Carnaval de Manzaneda,Manzaneda
http://www.wikidata.org/entity/Q23661130,Fiesta del Lacón con Grelos,Cuntis
http://www.wikidata.org/entity/Q23661143,Fiesta del Erizo de Cervo,Cervo
http://www.wikidata.org/entity/Q23661249,Fiesta de las Pepitas,Ferrol
http://www.wikidata.org/entity/Q23661265,Fiesta de la Reconquista de Vigo,Vigo
http://www.wikidata.org/entity/Q23661280,Encuentro degustación de Millo Corvo,Bueu
http://www.wikidata.org/entity/Q23661299,Fiesta de la Ostra de Arcade,Sotomayor
http://www.wikidata.org/entity/Q23661316,Fiesta del Santísimo Cristo,Finisterre
http://www.wikidata.org/entity/Q23661324,Muestra del Encaje,Camariñas
http://www.wikidata.org/entity/Q23661359,Fiesta do Requeixo e do Mel,As Neves
http://www.wikidata.org/entity/Q23661374,Feria del Vino de Amandi,Sober
http://www.wikidata.org/entity/Q23661376,Fiestas de San Telmo,Tuy
http://www.wikidata.org/entity/Q23661377,Fiesta de la Lamprea,Arbo
http://www.wikidata.org/entity/Q23661379,Exposición y Exaltación del vino de O Ribeiro,Ribadavia
http://www.wikidata.org/entity/Q23661382,Feria de la Trucha,A Pontenova
http://www.wikidata.org/entity/Q23661386,Fiesta de los Mayos,Orense
http://www.wikidata.org/entity/Q23661388,Fiesta de la Trucha,Oroso
http://www.wikidata.org/entity/Q23661400,Fiesta del Melindre y de la Repostería Tradicional,Melide
http://www.wikidata.org/entity/Q23661415,Muestra de aceite de Quiroga,Quiroga
http://www.wikidata.org/entity/Q23661429,Romería Etnográfica Raigame de Vilanova dos Infantes,Celanova
http://www.wikidata.org/entity/Q23661446,Fiesta del Salmón,La Estrada
http://www.wikidata.org/entity/Q23661448,Fiesta de la Trucha,Puentecaldelas
http://www.wikidata.org/entity/Q23661451,Fiesta del Gallo de Corral,Villa de Cruces
http://www.wikidata.org/entity/Q23661454,Festa do Peixe,Bande
http://www.wikidata.org/entity/Q23661460,Alfombras florales del Corpus Christi,Ares
http://www.wikidata.org/entity/Q23661462,Ofrenda del Reino de Galicia al Santísimo Sacramento de Lugo,Lugo
http://www.wikidata.org/entity/Q23661464,Fiesta de la Rosa,Mos
http://www.wikidata.org/entity/Q23661467,Romería de San Adrián,Malpica de Bergantiños
http://www.wikidata.org/entity/Q23661468,Fiesta de la merluza del pincho de celeiro,Cillero (Vivero)
http://www.wikidata.org/entity/Q23661470,Fiesta del Percebe del Roncudo,Ponteceso
http://www.wikidata.org/entity/Q23661472,A rapa das bestas de Candaoso,Vivero
http://www.wikidata.org/entity/Q23661475,Fiesta de la Langosta y de la Cocina Marinera,La Guardia
http://www.wikidata.org/entity/Q23661480,Fiesta de las Cerezas de Paiosaco,A Laracha
http://www.wikidata.org/entity/Q23661482,Faguía do Carnés,Vimianzo
http://www.wikidata.org/entity/Q23661491,Fiesta de la Vieira,Cambados
http://www.wikidata.org/entity/Q23661493,Gran Premio de Carrilanas de Esteiro,Muros
http://www.wikidata.org/entity/Q23661495,Fiesta del Santísimo Cristo de los Afligidos (Bouzas),Bouzas
http://www.wikidata.org/entity/Q23661499,Romería de la Fraga de As Pontes,As Pontes de García Rodríguez
http://www.wikidata.org/entity/Q23661501,Oenach Atlántico,Narón
http://www.wikidata.org/entity/Q23661507,Fiesta del Pimiento,A Arnoia
http://www.wikidata.org/entity/Q23661509,Mostra da Olería de Buño,Malpica de Bergantiños
http://www.wikidata.org/entity/Q23661514,Fiesta del Pimiento de Padrón,Padrón
http://www.wikidata.org/entity/Q23661515,Festival Internacional del Emigrante,Barreiros
http://www.wikidata.org/entity/Q23661516,Festival de Pardiñas,Guitiriz
http://www.wikidata.org/entity/Q23661518,Fiestas de la Santa Cruz,Ribadeo
http://www.wikidata.org/entity/Q23661521,Fiesta de San Fins do Castro,Cabana de Bergantiños
http://www.wikidata.org/entity/Q23661523,Fiesta del Pimiento,Oimbra
http://www.wikidata.org/entity/Q23661524,Fiesta do Galo Piñeiro y muestra caballar,O Pino
http://www.wikidata.org/entity/Q23661526,Filandón de músicas de O Courel,Folgoso do Courel
http://www.wikidata.org/entity/Q23661528,Fiesta del Monte,La Guardia
http://www.wikidata.org/entity/Q23661530,Fiesta del Mejillón y del Berberecho,Villagarcía de Arosa
http://www.wikidata.org/entity/Q23661532,Fiestas de San Lorenzo,Foz
http://www.wikidata.org/entity/Q23661534,Fiesta de San Roque,Sada
http://www.wikidata.org/entity/Q23661542,Fiesta del Jamón,La Cañiza
http://www.wikidata.org/entity/Q23661547,Fiesta de la Danza de San Roque,Hío
http://www.wikidata.org/entity/Q23661553,Naufragio de Lage,Laxe
http://www.wikidata.org/entity/Q23661565,Queimada popular de Cervo,Cervo
http://www.wikidata.org/entity/Q1324590,Romería de El Rocío,Almonte
http://www.wikidata.org/entity/Q5556012,Semana Santa en Vélez-Málaga,Vélez-Málaga
http://www.wikidata.org/entity/Q5752844,Carnaval de Isla Cristina,Isla Cristina
http://www.wikidata.org/entity/Q6101908,Real Feria de Agosto (Antequera),Antequera
http://www.wikidata.org/entity/Q6124471,Semana Santa en Morón de la Frontera,Morón de la Frontera
http://www.wikidata.org/entity/Q6124481,Semana Santa en Antequera,Antequera
http://www.wikidata.org/entity/Q6124578,Semana Santa en Ronda,Ronda
http://www.wikidata.org/entity/Q6124588,Semana Santa en Sanlúcar de Barrameda,Sanlúcar de Barrameda
http://www.wikidata.org/entity/Q21590406,Semana Santa en Torredonjimeno,Torredonjimeno
http://www.wikidata.org/entity/Q23459821,Carnaval de Alhama de Granada,Alhama de Granada
http://www.wikidata.org/entity/Q23459907,Semana Santa en Las Cabezas de San Juan,Las Cabezas de San Juan
http://www.wikidata.org/entity/Q23459968,Semana Santa en Osuna,Osuna
http://www.wikidata.org/entity/Q23460093,Semana Santa en Carmona,Carmona
http://www.wikidata.org/entity/Q23460200,Semana Santa en Guadalcanal,Guadalcanal
http://www.wikidata.org/entity/Q23460256,Semana Santa en Coria del Río,Coria del Río
http://www.wikidata.org/entity/Q23460363,Semana Santa en Marchena,Marchena
http://www.wikidata.org/entity/Q23460430,Semana Santa en Alcalá de Guadaira,Alcalá de Guadaíra
http://www.wikidata.org/entity/Q23460575,Semana Santa en Alcalá del Río,Alcalá del Río
http://www.wikidata.org/entity/Q23460636,Semana Santa en La Roda de Andalucía,La Roda de Andalucía
http://www.wikidata.org/entity/Q23462866,Semana Santa en Archidona,Archidona
http://www.wikidata.org/entity/Q23462961,Semana Santa en Campillos,Campillos
http://www.wikidata.org/entity/Q23463116,Semana Santa en Alhaurín de la Torre,Alhaurín de la Torre
http://www.wikidata.org/entity/Q23481302,Pasos de Alhaurín el Grande,Alhaurín el Grande
http://www.wikidata.org/entity/Q23481408,Pasos de Istán,Istán
http://www.wikidata.org/entity/Q23481695,Semana Santa en Arriate,Arriate
http://www.wikidata.org/entity/Q23481793,Semana Santa en Aguilar de la Frontera,Aguilar de la Frontera
http://www.wikidata.org/entity/Q23481925,Semana Santa en Bujalance,Bujalance
http://www.wikidata.org/entity/Q23482012,Semana Santa en Hinojosa del Duque,Hinojosa del Duque
http://www.wikidata.org/entity/Q23482113,Semana Santa en Lucena,Lucena
http://www.wikidata.org/entity/Q23482229,Semana Santa en Montoro,Montoro
http://www.wikidata.org/entity/Q23538275,Semana Santa en Moriles,Moriles
http://www.wikidata.org/entity/Q23538279,Semana Santa en Pozoblanco,Pozoblanco
http://www.wikidata.org/entity/Q23538290,Semana Santa en Alcalá del Valle,Alcalá del Valle
http://www.wikidata.org/entity/Q23538293,Semana Santa en Espera,Espera
http://www.wikidata.org/entity/Q23538301,Semana Santa en San Roque,San Roque
http://www.wikidata.org/entity/Q23538305,Semana Santa en Setenil de las Bodegas,Setenil de las Bodegas
http://www.wikidata.org/entity/Q23538311,Semana Santa en La Línea de la Concepción,La Línea de la Concepción
http://www.wikidata.org/entity/Q23538317,Semana Santa en Alcalá la Real,Alcalá la Real
http://www.wikidata.org/entity/Q23538319,Semana Santa en Cuevas del Almanzora,Cuevas del Almanzora
http://www.wikidata.org/entity/Q23538360,Semana Santa en Vélez-Rubio,Vélez-Rubio
http://www.wikidata.org/entity/Q23538365,Semana Santa en Almuñécar,Almuñécar
http://www.wikidata.org/entity/Q23538373,Romería de las Santas,Puebla de Don Fadrique
http://www.wikidata.org/entity/Q23538379,Moros y Cristianos de Benamaurel,Benamaurel
http://www.wikidata.org/entity/Q23538431,Belén viviente de Arcos de la Frontera,Arcos de la Frontera
http://www.wikidata.org/entity/Q23540017,Cabalgata de Reyes de Sevilla,Sevilla
http://www.wikidata.org/entity/Q23540271,Fiestas de San Sebastián,Lubrín
http://www.wikidata.org/entity/Q23540407,Fiestas de San Sebastián,Olula del Río
http://www.wikidata.org/entity/Q23540526,Fiestas de las Capitulaciones de Santa Fe,Santa Fe
http://www.wikidata.org/entity/Q23540637,Moros y Cristianos de Zújar,Zújar
http://www.wikidata.org/entity/Q23540733,Romería de la Santa Virgen de la Peña,Puebla de Guzmán
http://www.wikidata.org/entity/Q23540760,Romería de San Benito Abad,El Cerro de Andévalo
http://www.wikidata.org/entity/Q23540761,Romería de Nuestra Señora Coronada,Cortelazor
http://www.wikidata.org/entity/Q23540764,Fiesta de San Isidro Labrador,Estepona
http://www.wikidata.org/entity/Q23540835,Domingos de Mayo,Priego de Córdoba
http://www.wikidata.org/entity/Q23540836,Salida de las Carretas del Rocío,Gines
http://www.wikidata.org/entity/Q23540861,Feria de la Primavera,Antequera
http://www.wikidata.org/entity/Q23540864,Romería de los Gitanos,Cabra
http://www.wikidata.org/entity/Q23540868,Velada de Santiago y de Santa Ana,Triana
http://www.wikidata.org/entity/Q23540870,Exaltación del Río Guadalquivir,Sanlúcar de Barrameda
http://www.wikidata.org/entity/Q23540877,Exposición de Alfarería y Cerámica,La Rambla
http://www.wikidata.org/entity/Q23540895,Festival del Cante Grande,Puente Genil
http://www.wikidata.org/entity/Q23540970,Rifa de Nuestra Señora de la Fuensanta ,Pizarra
http://www.wikidata.org/entity/Q23541011,Moros y Cristianos de Quéntar,Quéntar
http://www.wikidata.org/entity/Q23541026,Fiesta en Honor a Nuestra Señora del Rosario ,Carrión de los Céspedes
http://www.wikidata.org/entity/Q23541043,Fiestas de la Fuente del Vino,Cádiar
http://www.wikidata.org/entity/Q23541062,Encierros Taurinos,La Peza
http://www.wikidata.org/entity/Q23541081,Romería del Día de Jeva,Antequera
http://www.wikidata.org/entity/Q23541106,Feria y Fiestas de la Vendimia,Villanueva del Ariscal
http://www.wikidata.org/entity/Q23541123,Fiesta del Verdeo,Arahal
http://www.wikidata.org/entity/Q23541152,Cabalgata Agrícola ,Tarifa
http://www.wikidata.org/entity/Q23541165,Los Piostros,Pedroche
http://www.wikidata.org/entity/Q23541253,Romería de Nuestra Señora de los Ángeles,Alájar
http://www.wikidata.org/entity/Q23541265,Romería de la Virgen Saliente,Albox
http://www.wikidata.org/entity/Q23541279,Fiestas de Nuestra Señora de Regla,Chipiona
http://www.wikidata.org/entity/Q922592,Festival Intercéltico de Avilés,Avilés
http://www.wikidata.org/entity/Q1749242,Rally Príncipe de Asturias,
http://www.wikidata.org/entity/Q5494246,Les Carroces de Valdesoto,Valdesoto
http://www.wikidata.org/entity/Q5550927,Fiesta del Cordero,
http://www.wikidata.org/entity/Q5801467,Fiesta de los Humanitarios,Moreda
http://www.wikidata.org/entity/Q5803870,Descenso Folclórico del Nalón,Pola de Laviana
http://www.wikidata.org/entity/Q5815817,Día de los Pueblos de Asturias,Parroquia de Navelgas
http://www.wikidata.org/entity/Q5821244,El Carmín,Pola de Siero
http://www.wikidata.org/entity/Q5858861,Feria de la Ascensión,Oviedo
http://www.wikidata.org/entity/Q5861667,Fiesta de Antroxu (Gijón),Gijón
http://www.wikidata.org/entity/Q5861670,Fiesta de L'Amuravela,Cudillero
http://www.wikidata.org/entity/Q5861671,Fiesta de La Regalina,Cadavedo
http://www.wikidata.org/entity/Q5861676,Fiesta de Nuestra Señora de Andrín,Andrín
http://www.wikidata.org/entity/Q5861677,Fiesta de Nuestra Señora del Carmen y la Magdalena,Cangas del Narcea
http://www.wikidata.org/entity/Q5861678,Fiesta de Nuestra Señora del Cébrano,Carrea
http://www.wikidata.org/entity/Q5861683,Fiesta de San Antonio de Padua (Cangas de Onís),Cangas de Onís
http://www.wikidata.org/entity/Q5861692,Fiesta de San Roque (Llanes),Llanes
http://www.wikidata.org/entity/Q5861749,Fiesta del Alba,Salcedo
http://www.wikidata.org/entity/Q5861750,Fiesta del Antroxu (Avilés),Avilés
http://www.wikidata.org/entity/Q5861751,Fiesta del Asturcón,
http://www.wikidata.org/entity/Q5861752,Fiesta del Bollo,Avilés
http://www.wikidata.org/entity/Q5861754,Fiesta del Bollo de La Peruyal,Arriondas
http://www.wikidata.org/entity/Q5861772,Fiesta del Pastor,Lagos de Covadonga
http://www.wikidata.org/entity/Q5931264,Jira al embalse de Trasona,Trasona
http://www.wikidata.org/entity/Q5979697,Los Exconxuraos,Llanera
http://www.wikidata.org/entity/Q6111497,Romería de los Santos Mártires de Valdecuna,
http://www.wikidata.org/entity/Q6124486,Semana Santa en Avilés,Avilés
http://www.wikidata.org/entity/Q8961531,Festival del Arroz con Leche,Santa Eulalia
http://www.wikidata.org/entity/Q8961602,Fiesta de los Huevos Pintos,Pola de Siero
http://www.wikidata.org/entity/Q23657351,Fiesta del Guirria y del Aguinaldo,San Juan de Beleño
http://www.wikidata.org/entity/Q23657352,Jornadas Gastronómicas de la Matanza de Amieva y Alto Sella,Amieva
http://www.wikidata.org/entity/Q23657354,Semana Santa en Villaviciosa,Villaviciosa
http://www.wikidata.org/entity/Q23657357,Fiesta del Picadillo y el Sabadiego,Noreña
http://www.wikidata.org/entity/Q23657359,Feria del Salmón,Cornellana
http://www.wikidata.org/entity/Q23657360,Alfombras florales del Corpus,Castropol
http://www.wikidata.org/entity/Q23657362,Mercado Astur,Nava
http://www.wikidata.org/entity/Q23657364,La Sacramental,Cue
http://www.wikidata.org/entity/Q23657367,Procesión marinera de San Juan,San Juan de la Arena
http://www.wikidata.org/entity/Q23657369,Campeonato Nacional del Bateo de Oro,Parroquia de Navelgas
http://www.wikidata.org/entity/Q23657370,Festival de Bandas de Gaitas Villa de Candás,Candás
http://www.wikidata.org/entity/Q23657395,Fiesta de Santa María Magdalena,Cangas del Narcea
http://www.wikidata.org/entity/Q23657396,Fiesta de Santa María Magdalena,Llanes
http://www.wikidata.org/entity/Q23657397,Fiesta Vaqueira,Tineo
http://www.wikidata.org/entity/Q23657444,Festival Intercéltico de Occidente,Tapia de Casariego
http://www.wikidata.org/entity/Q23657644,Torneo de Tenis Playa de Luanco,Luanco
http://www.wikidata.org/entity/Q23657661,Festival de la Sardina,Candás
http://www.wikidata.org/entity/Q23657664,Mercado Vaqueiro,San Martín de Luiña
http://www.wikidata.org/entity/Q23657667,Mercado tradicional de Oles,Oles
http://www.wikidata.org/entity/Q23657669,Fiesta de San Roque,Tineo
http://www.wikidata.org/entity/Q23657673,Fiesta de San Pedrín de la Cueva,Narzana
http://www.wikidata.org/entity/Q23657676,Primer desembarco de Carlos V,Tazones
http://www.wikidata.org/entity/Q23657679,Fiesta de San Timoteo,Luarca
http://www.wikidata.org/entity/Q23657684,Certamen del Queso Casín,Campo de Caso
http://www.wikidata.org/entity/Q23657687,El Carmen de Torazo,Torazo
http://www.wikidata.org/entity/Q23657689,Certamen del Queso de Cabrales,Las Arenas
http://www.wikidata.org/entity/Q23657695,Festival de la Sidra Natural,Gijón
http://www.wikidata.org/entity/Q23657702,Fiesta de Nuestra Señora del Carbayo,Langreo
http://www.wikidata.org/entity/Q23657708,Fiesta del Santo Cristo del Amparo,Llanes
http://www.wikidata.org/entity/Q23657711,Festival de la Avellana,Infiesto
http://www.wikidata.org/entity/Q23657717,Festival de la Manzana,Villaviciosa
http://www.wikidata.org/entity/Q23657723,Fiesta de la Vendimia del Vino de Calidad,Cangas del Narcea
http://www.wikidata.org/entity/Q23657727,Certamen del Queso de Gamonedo,Benia de Onís
http://www.wikidata.org/entity/Q23657808,Noche Mágica y Festival del Esfoyón y el Amagosto,Parroquia de Navelgas
http://www.wikidata.org/entity/Q23658015,Fiesta de los Nabos,Sotrondio
http://www.wikidata.org/entity/Q23658020,Fiesta de las Cebollas Rellenas,El Entrego
http://www.wikidata.org/entity/Q6135210,Suelta de la Gata Negra,Carasa
http://www.wikidata.org/entity/Q23657172,Cabalgata de Reyes de Seña,Seña
http://www.wikidata.org/entity/Q23657175,La Perola,Vargas (Cantabria)
http://www.wikidata.org/entity/Q23657178,Semana Santa en Santander,Santander
http://www.wikidata.org/entity/Q23657181,Procesión de la Santuca,Aniezo
http://www.wikidata.org/entity/Q23657184,Día Infantil de Cantabria,Santander
http://www.wikidata.org/entity/Q23657187,Noche de San Juan,Soto de la Marina
http://www.wikidata.org/entity/Q23657189,Verbena del Mantón,Ramales de la Victoria
http://www.wikidata.org/entity/Q23657194,Fiesta de la Virgen de la Salud,Espinama
http://www.wikidata.org/entity/Q23657197,Fiesta de San Benito,Barcenaciones
http://www.wikidata.org/entity/Q23657201,Baños de Ola,Santander
http://www.wikidata.org/entity/Q23657204,Fiesta del Carmen,Revilla (Camargo)
http://www.wikidata.org/entity/Q23657207,Fiesta de la Virgen del Carmen,Suances
http://www.wikidata.org/entity/Q23657210,Procesión de la Luz,Las Fraguas (Cantabria)
http://www.wikidata.org/entity/Q23657211,Feria de Santiago,Santander
http://www.wikidata.org/entity/Q23657216,Fiesta de San Pantaleón,Escobedo de Camargo
http://www.wikidata.org/entity/Q23657218,Feria de la Hoya,La Matanza (Cantabria)
http://www.wikidata.org/entity/Q23657221,Fiesta de San Carlos,Fuente Dé
http://www.wikidata.org/entity/Q23657224,Fiesta de la Virgen de Valvanuz,Selaya
http://www.wikidata.org/entity/Q23657226,Subida a la Braña Los Tejos,Cicera
http://www.wikidata.org/entity/Q23657227,La Semanuca,Santander
http://www.wikidata.org/entity/Q23657229,Fiesta de San Tirso,Ojedo
http://www.wikidata.org/entity/Q23657232,Descenso Internacional del Deva,Unquera
http://www.wikidata.org/entity/Q23657235,Fiesta de San Vicente,Lloreda
http://www.wikidata.org/entity/Q23657237,Fiesta del Cocido,Ucieda
http://www.wikidata.org/entity/Q23657239,Encierros de Ampuero,Ampuero
http://www.wikidata.org/entity/Q23657243,Fiesta de la Virgen de Valencia,Vioño de Piélagos
http://www.wikidata.org/entity/Q23657244,Fiesta de la Virgen de la Luz,Cabezón de Liébana
http://www.wikidata.org/entity/Q23657246,Carrera de caballos de Molledo,Molledo
http://www.wikidata.org/entity/Q23657249,La Gran Marmitada,Santoña
http://www.wikidata.org/entity/Q23657252,Fiesta de la Cruz,Potes
http://www.wikidata.org/entity/Q23657256,La Bien Aparecida,Ampuero
http://www.wikidata.org/entity/Q23657262,Fiesta de San Cipriano,San Miguel
http://www.wikidata.org/entity/Q23657265,Desfile de Carrozas,Reinosa
http://www.wikidata.org/entity/Q23657266,Desembarco de Carlos V,Laredo
http://www.wikidata.org/entity/Q23657267,Último viaje de Carlos V,El Prado
http://www.wikidata.org/entity/Q23657269,Olimpiada Tudanca,Cabezón de la Sal
http://www.wikidata.org/entity/Q23657271,Fiesta de San Andrés,Castro Urdiales
http://www.wikidata.org/entity/Q23657272,Feria de la Alubia y la Hortaliza,Casar de Periedo
http://www.wikidata.org/entity/Q5398070,Fiestas de San Roque,Calatayud
http://www.wikidata.org/entity/Q5561151,Alfonsadas,Calatayud
http://www.wikidata.org/entity/Q5797961,Dance de Tauste,Tauste
http://www.wikidata.org/entity/Q5860858,Festa del Tossino,Albelda
http://www.wikidata.org/entity/Q11907722,Ball dels Salvatges,Benabarre
http://www.wikidata.org/entity/Q23541328,Semana Santa en Calatayud,Calatayud
http://www.wikidata.org/entity/Q23617579,Semana Santa en Ateca,Ateca
http://www.wikidata.org/entity/Q23617764,Semana Santa en Torrijo de la Cañada,Torrijo de la Cañada
http://www.wikidata.org/entity/Q23617942,Semana Santa en Huesca,Huesca
http://www.wikidata.org/entity/Q23618106,Semana Santa en Caspe,Caspe
http://www.wikidata.org/entity/Q23639912,Semana Santa en Barbastro,Barbastro
http://www.wikidata.org/entity/Q23640009,Semana Santa en Tarazona,Tarazona
http://www.wikidata.org/entity/Q23640138,Semana Santa en Valderrobres,Valderrobres
http://www.wikidata.org/entity/Q23640203,Semana Santa en Jaca,Jaca
http://www.wikidata.org/entity/Q23640206,Semana Santa en Tauste,Tauste
http://www.wikidata.org/entity/Q23640213,Semana Santa en Sarrión,Sarrión
http://www.wikidata.org/entity/Q23640219,Subida a la Encomienda,Alfambra
http://www.wikidata.org/entity/Q23640239,Semana Santa en Ejea de los Caballeros,Ejea de los Caballeros
http://www.wikidata.org/entity/Q23640245,La Enclavación,Ayerbe
http://www.wikidata.org/entity/Q23641859,Fiesta de San Antonio,Matarraña
http://www.wikidata.org/entity/Q23641876,Fiestas de San Sebastián,Castelserás
http://www.wikidata.org/entity/Q23641877,Fiesta de los Sanantones y la Encamisada,Estercuel
http://www.wikidata.org/entity/Q23641879,Fiestas de San Blas,Ateca
http://www.wikidata.org/entity/Q23657061,Bodas de Isabel de Segura,Teruel
http://www.wikidata.org/entity/Q23657062,Conmemoración del nacimiento de Fernando II de Aragón,Sos del Rey Católico
http://www.wikidata.org/entity/Q23657064,Fiestas celtíberas de Segeda,Mara
http://www.wikidata.org/entity/Q23657066,Fiesta del Crespillo,Barbastro
http://www.wikidata.org/entity/Q23657067,Rosario de Cristal,Tauste
http://www.wikidata.org/entity/Q23657071,Primer viernes de mayo,Jaca
http://www.wikidata.org/entity/Q23657075,Rosario de Cristal,Borja
http://www.wikidata.org/entity/Q23657079,Fiestas de San Pascual Bailón,Terrer
http://www.wikidata.org/entity/Q23657080,Fiesta de San Juan Lorenzo,Cetina
http://www.wikidata.org/entity/Q23657082,Homenaje a Guillem de Mont-Rodón,Monzón
http://www.wikidata.org/entity/Q23657086,Corpus Christi en Daroca,Daroca
http://www.wikidata.org/entity/Q23657090,Alfombras del Corpus Christi,Tamarite de Litera
http://www.wikidata.org/entity/Q23657092,Dance de Gallur,Gallur
http://www.wikidata.org/entity/Q23657094,Toro de Sogas,Pina de Ebro
http://www.wikidata.org/entity/Q23657102,Conmemoración del Compromiso de Caspe,Caspe
http://www.wikidata.org/entity/Q23657108,Fiesta de San Cristóbal,Munébrega
http://www.wikidata.org/entity/Q23657110,Día de la Longaniza,Graus
http://www.wikidata.org/entity/Q23657113,Mercado Medieval de Daroca,Daroca
http://www.wikidata.org/entity/Q23657116,Baile de San Roque,Calamocha
http://www.wikidata.org/entity/Q23657119,Fiesta de las Migas y Vino en Teja,Romanos (Zaragoza)
http://www.wikidata.org/entity/Q23657120,La Morisma,Aínsa-Sobrarbe
http://www.wikidata.org/entity/Q23657122,Sitio de Barbastro,Barbastro
http://www.wikidata.org/entity/Q23657123,Dance de Sariñena,Sariñena
http://www.wikidata.org/entity/Q23657130,Paloteo de Longares,Longares
http://www.wikidata.org/entity/Q23657133,Fiesta de la Virgen de la Corona,Almudévar
http://www.wikidata.org/entity/Q23657137,Toro de Ronda de Cariñena,Cariñena
http://www.wikidata.org/entity/Q23657142,Día del Encierro Andando,Novallas
http://www.wikidata.org/entity/Q23657153,Pesaje de los Niños,Lituénigo
http://www.wikidata.org/entity/Q23657156,Dance de Sena,Sena
http://www.wikidata.org/entity/Q23657159,Bautizo del Alcalde,Monzón
http://www.wikidata.org/entity/Q24940835,La Vaquilla del Ángel,Teruel
http://www.wikidata.org/entity/Q47092271,Feria de la Brujería,Trasmoz
http://www.wikidata.org/entity/Q47092312,Semana Santa de Pinseque,Pinseque
http://www.wikidata.org/entity/Q47092322,Recreación Histórica de la Estancia del Santo Grial en Bailo,Bailo
http://www.wikidata.org/entity/Q47092389,Crónicas de un Pueblo: Maluenda,Maluenda
http://www.wikidata.org/entity/Q47092614,Festival de la Vendimia de Cariñena,Cariñena
http://www.wikidata.org/entity/Q47092625,Feria Mudéjar,Utebo
http://www.wikidata.org/entity/Q47092656,Semana Santa de Used,Used (Zaragoza)
http://www.wikidata.org/entity/Q47092675,Alfombras del Santísimo Misterio,Aguaviva
http://www.wikidata.org/entity/Q5647870,Moros y Cristianos de Caudete,Caudete
http://www.wikidata.org/entity/Q5678437,Juego de las caras,Calzada de Calatrava
http://www.wikidata.org/entity/Q5752800,Carnaval de Alcázar de San Juan,Alcázar de San Juan
http://www.wikidata.org/entity/Q5752834,Carnaval de Herencia,Herencia
http://www.wikidata.org/entity/Q5752894,Carnaval de Tarazona de la Mancha,Tarazona de la Mancha
http://www.wikidata.org/entity/Q5861757,Corpus Christi en Lagartera,Lagartera
http://www.wikidata.org/entity/Q5861777,Fiesta del olivo,Mora
http://www.wikidata.org/entity/Q5963246,La Endiablada,Almonacid del Marquesado
http://www.wikidata.org/entity/Q6059632,Pandorga (Ciudad Real),Ciudad Real
http://www.wikidata.org/entity/Q6124463,Semana Santa de Daimiel,Daimiel
http://www.wikidata.org/entity/Q6124601,Semana Santa en Villarrobledo,Villarrobledo
http://www.wikidata.org/entity/Q6141665,Tenorio Mendocino,Guadalajara
http://www.wikidata.org/entity/Q17462597,Semana Santa en Albacete,Castilla-La Mancha
http://www.wikidata.org/entity/Q17462597,Semana Santa en Albacete,Albacete
http://www.wikidata.org/entity/Q20021409,Pasión Viviente de Motilla del Palancar,Motilla del Palancar
http://www.wikidata.org/entity/Q21993627,Semana Santa en Calzada de Calatrava,Calzada de Calatrava
http://www.wikidata.org/entity/Q23640584,La Borricá,Torrenueva
http://www.wikidata.org/entity/Q23640591,Carnaval de Almadén,Almadén
http://www.wikidata.org/entity/Q23640594,Carnaval de Miguelturra,Miguelturra
http://www.wikidata.org/entity/Q23640597,Carnaval de La Roda,La Roda
http://www.wikidata.org/entity/Q23640600,Domingo de Piñata de Ciudad Real,Ciudad Real
http://www.wikidata.org/entity/Q23640623,Semana Santa en El Bonillo,El Bonillo
http://www.wikidata.org/entity/Q23642570,Semana Santa en Campo de Calatrava,Campo de Calatrava
http://www.wikidata.org/entity/Q23642671,Semana Santa en Campo de Criptana,Campo de Criptana
http://www.wikidata.org/entity/Q23647844,Semana Santa en Chinchilla de Montearagón,Chinchilla de Montearagón
http://www.wikidata.org/entity/Q23647847,Semana Santa en Corral de Almaguer,Corral de Almaguer
http://www.wikidata.org/entity/Q23647850,Semana Santa en Guadalajara,Guadalajara
http://www.wikidata.org/entity/Q23647851,Semana Santa en Quintanar de la Orden,Quintanar de la Orden
http://www.wikidata.org/entity/Q23647854,Semana Santa en Talavera de la Reina,Talavera de la Reina
http://www.wikidata.org/entity/Q23647855,Semana Santa en Tarancón,Tarancón
http://www.wikidata.org/entity/Q23647857,Semana Santa en Villarrubia de los Ojos,Villarrubia de los Ojos
http://www.wikidata.org/entity/Q23647860,Pasión Viviente de Hiendelaencina,Hiendelaencina
http://www.wikidata.org/entity/Q23647864,Pasión Viviente de Tarancón,Tarancón
http://www.wikidata.org/entity/Q23647866,Fiestas de San Juan Evangelista y Santa Quiteria,Huete
http://www.wikidata.org/entity/Q23662106,Fiestas de Moros y Cristianos de Valverde del Júcar,Valverde de Júcar
http://www.wikidata.org/entity/Q23662111,Fiesta de las Paces,Villarta de San Juan
http://www.wikidata.org/entity/Q23662117,Fiesta de la Vaca,San Pablo de los Montes
http://www.wikidata.org/entity/Q23662121,Fiesta de Santa Águeda,Espinosa de Henares
http://www.wikidata.org/entity/Q23662123,Fiesta de Santa Águeda,Cogolludo
http://www.wikidata.org/entity/Q23662124,Feria de las Mercaderías,Tendilla
http://www.wikidata.org/entity/Q23662129,Jornadas Medievales de Montiel,Montiel
http://www.wikidata.org/entity/Q23662131,Jornadas Cervantinas,El Toboso
http://www.wikidata.org/entity/Q23662135,Romería de Nuestra Señora de la Natividad,Méntrida
http://www.wikidata.org/entity/Q23662136,Romería de la Santísima Virgen de las Viñas,Tomelloso
http://www.wikidata.org/entity/Q23662140,Danzantes y Santísimo Cristo de la Viga,Villacañas
http://www.wikidata.org/entity/Q23662142,Cruces de Mayo de Villanueva de los Infantes,Villanueva de los Infantes
http://www.wikidata.org/entity/Q23662146,Fiesta del Mayo Manchego,Pedro Muñoz
http://www.wikidata.org/entity/Q23662148,Fiestas de Mayo de Villamayor de Calatrava,Villamayor de Calatrava
http://www.wikidata.org/entity/Q23662149,Romería del Santísimo Cristo del Sahúco,Peñas de San Pedro
http://www.wikidata.org/entity/Q23662157,Fiesta de Rus,San Clemente
http://www.wikidata.org/entity/Q23662159,Fiesta del Santo Voto,Puertollano
http://www.wikidata.org/entity/Q23662163,Corpus Christi en Hellín,Hellín
http://www.wikidata.org/entity/Q23662167,Corpus Christi en Porzuna,Porzuna
http://www.wikidata.org/entity/Q23662169,Corpus Christi en Villanueva de la Fuente,Villanueva de la Fuente
http://www.wikidata.org/entity/Q23662174,Danzas de la octava del Corpus,Valverde de los Arroyos
http://www.wikidata.org/entity/Q23662178,Fiesta de Nuestra Señora del Carmen,Molina de Aragón
http://www.wikidata.org/entity/Q23662180,Alvarada Medieval,Cañete
http://www.wikidata.org/entity/Q23662182,Fiesta de Nuestra Señora de la Antigua de Manjavacas,Mota del Cuervo
http://www.wikidata.org/entity/Q23662185,Encierros de Brihuega,Brihuega
http://www.wikidata.org/entity/Q23662186,Procesión de los Faroles,Sigüenza
http://www.wikidata.org/entity/Q23662188,Romería de la Virgen de la Consolación,Iniesta
http://www.wikidata.org/entity/Q23662190,Encierros Fernanducos,Fernán Caballero
http://www.wikidata.org/entity/Q23662196,Encierros de Almodóvar del Campo,Almodóvar del Campo
http://www.wikidata.org/entity/Q23662199,Fiesta de la Vendimia de Valdepeñas,Valdepeñas
http://www.wikidata.org/entity/Q23662201,Fiesta Ganchera del Alto Tajo,Zaorejas
http://www.wikidata.org/entity/Q23662203,Fiestas del Santo Niño,Majaelrayo
http://www.wikidata.org/entity/Q23662207,Romería de Nuestra Señora de las Virtudes,Santa Cruz de Mudela
http://www.wikidata.org/entity/Q23662212,Procesión del Fuego,Humanes
http://www.wikidata.org/entity/Q23662215,Desfile de carrozas de Azuqueca de Henares,Azuqueca de Henares
http://www.wikidata.org/entity/Q23662220,Procesión del Santísimo de la Sala,Bargas
http://www.wikidata.org/entity/Q23662221,Fiesta de San Mateo,Cuenca
http://www.wikidata.org/entity/Q23662229,Septenario de la Virgen de Tejeda,Moya
http://www.wikidata.org/entity/Q23662234,Fiesta de la Rosa del Azafrán,Consuegra
http://www.wikidata.org/entity/Q23662236,Fiesta de El Vítor,Horcajo de Santiago
http://www.wikidata.org/entity/Q23662239,Belén viviente de Vega del Codorno,Vega del Codorno
http://www.wikidata.org/entity/Q39160635,Moros y Cristianos de Alcázar de San Juan,Alcázar de San Juan
http://www.wikidata.org/entity/Q4886497,Chíviri,Trujillo
http://www.wikidata.org/entity/Q5548448,Pasión Viviente de Oliva de la Frontera,Oliva de la Frontera
http://www.wikidata.org/entity/Q5573755,La Encamisá de Torrejoncillo,Torrejoncillo
http://www.wikidata.org/entity/Q5861062,Festival Internacional de la Sierra,Fregenal de la Sierra
http://www.wikidata.org/entity/Q5962713,La Carrerita,Villanueva de la Serena
http://www.wikidata.org/entity/Q5963233,La Encamisá de Navalvillar de Pela,Navalvillar de Pela
http://www.wikidata.org/entity/Q5970284,Las Carantoñas,Acehúche
http://www.wikidata.org/entity/Q5980061,Los Negritos de San Blas,Montehermoso
http://www.wikidata.org/entity/Q6427294,El Peropalo,Villanueva de la Vera
http://www.wikidata.org/entity/Q20021609,Semana Santa Trujillana,Trujillo
http://www.wikidata.org/entity/Q23661989,Ruta de Carlos V,La Vera
http://www.wikidata.org/entity/Q23661992,Las Candelas,Almendralejo
http://www.wikidata.org/entity/Q23661995,Carnaval de Campo Arañuelo,Navalmoral de la Mata
http://www.wikidata.org/entity/Q23661997,Los Empalaos,Valverde de la Vera
http://www.wikidata.org/entity/Q23662000,Romería de Piedraescrita,Campanario
http://www.wikidata.org/entity/Q23662002,Las Carreras,Arroyo de la Luz
http://www.wikidata.org/entity/Q23662005,La Chafaina,Fuente de Cantos
http://www.wikidata.org/entity/Q23662008,La Santa Cruz,Feria
http://www.wikidata.org/entity/Q23662014,Romería de San Isidro,Valencia de Alcántara
http://www.wikidata.org/entity/Q23662017,Romería de San Isidro,Fuente de Cantos
http://www.wikidata.org/entity/Q23662018,Recreación de la Batalla de La Albuera,La Albuera
http://www.wikidata.org/entity/Q23662020,Octava del Corpus,Peñalsordo
http://www.wikidata.org/entity/Q23662023,Corpus Christi,San Vicente de Alcántara
http://www.wikidata.org/entity/Q23662025,Toros de San Juan,Coria
http://www.wikidata.org/entity/Q23662027,Fiesta Medieval,Alburquerque
http://www.wikidata.org/entity/Q23662032,Martes Mayor,Plasencia
http://www.wikidata.org/entity/Q23662036,Teatro Alcalde de Zalamea,Zalamea de la Serena
http://www.wikidata.org/entity/Q23662038,La Enramá,Pinofranqueado
http://www.wikidata.org/entity/Q23662039,Fiesta de la Tenca,Mancomunidad Tajo-Salor
http://www.wikidata.org/entity/Q23662044,Vendimia Tradicional,Villafranca de los Barros
http://www.wikidata.org/entity/Q23662055,Día del Jamón,Monesterio
http://www.wikidata.org/entity/Q23662063,Las Capeas,Segura de León
http://www.wikidata.org/entity/Q23662074,La Hispanidad,Guadalupe
http://www.wikidata.org/entity/Q23662084,Otoño Mágico,Hervás
http://www.wikidata.org/entity/Q23662090,Los Escobazos,Jarandilla de la Vera
http://www.wikidata.org/entity/Q5836853,Fiesta de La Maya,Colmenar Viejo
http://www.wikidata.org/entity/Q23453142,Semana Santa en Alcalá de Henares,Alcalá de Henares
http://www.wikidata.org/entity/Q23453232,Semana Santa en Torrejón de Ardoz,Torrejón de Ardoz
http://www.wikidata.org/entity/Q23453288,Semana Santa en San Lorenzo de El Escorial,San Lorenzo de El Escorial
http://www.wikidata.org/entity/Q23453336,Pasión Viviente de Morata de Tajuña,Morata de Tajuña
http://www.wikidata.org/entity/Q23453449,La Pasión de Villarejo de Salvanés,Villarejo de Salvanés
http://www.wikidata.org/entity/Q23453538,La Pasión de Carabaña,Carabaña
http://www.wikidata.org/entity/Q23453636,La Pasión de Daganzo,Daganzo de Arriba
http://www.wikidata.org/entity/Q23453824,Procesión del Encuentro,Móstoles
http://www.wikidata.org/entity/Q23455515,Fiesta de la Vaquilla,Pedrezuela
http://www.wikidata.org/entity/Q23455600,Fiesta de San Sebastián,Villaviciosa de Odón
http://www.wikidata.org/entity/Q23455822,Fiesta de la Maya,El Molar
http://www.wikidata.org/entity/Q23458862,Dos de Mayo en Móstoles,Móstoles
http://www.wikidata.org/entity/Q23458921,Aparición del Santísimo Cristo,Griñón
http://www.wikidata.org/entity/Q23458984,Travesía de las Cumbres Escurialenses,San Lorenzo de El Escorial
http://www.wikidata.org/entity/Q23459134,Real Mercado del Siglo de Oro y Bodas Reales entre don Felipe IV y doña Mariana de Austria,Navalcarnero
http://www.wikidata.org/entity/Q23459185,Romería de la Virgen de la Herrería,El Escorial
http://www.wikidata.org/entity/Q23459249,Fiesta de la Caldereta,Hoyo de Manzanares
http://www.wikidata.org/entity/Q23459290,Fiestas de Nuestra Señora de los Santos y San Simón de Rojas,Móstoles
http://www.wikidata.org/entity/Q23459345,Embarcación de la Virgen de la Alarilla,Fuentidueña de Tajo
http://www.wikidata.org/entity/Q23459602,Belén Viviente,Buitrago del Lozoya
http://www.wikidata.org/entity/Q5861003,Festival Internacional de Jazz de San Javier,San Javier
http://www.wikidata.org/entity/Q16630051,Semana Santa en Archena,Archena
http://www.wikidata.org/entity/Q20021354,Carnaval de Cartagena,Cartagena
http://www.wikidata.org/entity/Q23660861,Romería de San Blas,Santiago de la Ribera
http://www.wikidata.org/entity/Q23660863,Carnaval de Cabezo de Torres,Cabezo de Torres
http://www.wikidata.org/entity/Q23660864,Semana Santa en Moratalla,Moratalla
http://www.wikidata.org/entity/Q23660865,Semana Santa en Yecla,Yecla
http://www.wikidata.org/entity/Q23660869,Semana Santa en San Pedro del Pinatar,San Pedro del Pinatar
http://www.wikidata.org/entity/Q23660870,Semana Santa en Alcantarilla,Alcantarilla
http://www.wikidata.org/entity/Q23660872,Semana Santa en Alhama de Murcia,Alhama de Murcia
http://www.wikidata.org/entity/Q23660873,Semana Santa en Calasparra,Calasparra
http://www.wikidata.org/entity/Q23660875,Procesión del Cristo de los Mineros,La Unión
http://www.wikidata.org/entity/Q23660876,Semana Santa en Abarán,Abarán
http://www.wikidata.org/entity/Q23660878,Semana Santa en Totana,Totana
http://www.wikidata.org/entity/Q23660879,Certamen Internacional de Tunas,Murcia
http://www.wikidata.org/entity/Q23660880,Moros y Cristianos de Abanilla,Abanilla
http://www.wikidata.org/entity/Q23660882,Fiestas de la Bruja,Alcantarilla
http://www.wikidata.org/entity/Q23660884,Fiestas de la Santísima y Vera Cruz,Abanilla
http://www.wikidata.org/entity/Q23660886,Fiesta de los Mayos,Alhama de Murcia
http://www.wikidata.org/entity/Q23660887,Fiestas de San Isidro Labrador,Yecla
http://www.wikidata.org/entity/Q23660889,Moros y Cristianos de Santomera,Santomera
http://www.wikidata.org/entity/Q23660892,Fiestas de la Virgen del Carmen,San Pedro del Pinatar
http://www.wikidata.org/entity/Q23660893,Festival Internacional del Folclore en el Mediterráneo,Murcia
http://www.wikidata.org/entity/Q23660895,Fiestas del Santísimo Cristo del Rayo,Moratalla
http://www.wikidata.org/entity/Q23660905,Festival del Cante Flamenco,
http://www.wikidata.org/entity/Q23660916,"Festival de Teatro, Música y Danza",San Javier
http://www.wikidata.org/entity/Q23660927,Fiestas de la Vendimia,Jumilla
http://www.wikidata.org/entity/Q23660928,Semana Internacional de la Huerta y el Mar,Los Alcázares
http://www.wikidata.org/entity/Q23660931,Encierros de Blanca,Blanca
http://www.wikidata.org/entity/Q23660934,Fiestas de Sodales Ibero-Romanos,Fortuna
http://www.wikidata.org/entity/Q23660940,Romería de la Virgen de la Esperanza,Calasparra
http://www.wikidata.org/entity/Q23660942,Fiestas de San Clemente,Lorca
http://www.wikidata.org/entity/Q21002000,Día de Campoo,Reinosa
http://www.wikidata.org/entity/Q23661574,Festa da malla de Meira,Meira
http://www.wikidata.org/entity/Q23661580,Fiesta de la Anguila y Muestra de la Caña del País,Valga
http://www.wikidata.org/entity/Q23661584,Romería de San Ramón de Bealo,Boiro
http://www.wikidata.org/entity/Q23661590,Fiesta del Pan de Neda,Neda
http://www.wikidata.org/entity/Q23661605,Romería de la Virgen de A Franqueira,La Cañiza
http://www.wikidata.org/entity/Q23661615,Fiesta de la Danza y Contradanza de Darbo,Darbo
http://www.wikidata.org/entity/Q23661618,Romería de Nuestra Señora de los Milagros de Caion,A Laracha
http://www.wikidata.org/entity/Q2750225,Carnaval de Lanz,Lanz
http://www.wikidata.org/entity/Q3100145,Tributo de las Tres Vacas,Isaba
http://www.wikidata.org/entity/Q20984236,Encierro del Pilón,Falces
http://www.wikidata.org/entity/Q20994893,Conmemoración de la Batalla de Lácar,Lácar
http://www.wikidata.org/entity/Q21001850,Carnavales de Ituren y Zubieta,Zubieta
http://www.wikidata.org/entity/Q21001850,Carnavales de Ituren y Zubieta,Ituren
http://www.wikidata.org/entity/Q23309506,Auto de los Reyes Magos,Sangüesa
http://www.wikidata.org/entity/Q23309520,Carnaval de Alsasua,Alsasua
http://www.wikidata.org/entity/Q23309540,Semana Santa en Corella,Corella
http://www.wikidata.org/entity/Q23309577,Fiesta de la Cereza,Milagro
http://www.wikidata.org/entity/Q23309614,Encuentros con la Historia,Artajona
http://www.wikidata.org/entity/Q23309636,Día del Pastor,Huarte-Araquil
http://www.wikidata.org/entity/Q23309655,Toro con soga,Lodosa
http://www.wikidata.org/entity/Q23661622,Fiesta de Jesús el Nazareno y procesión de las Mortajas,Puebla del Caramiñal
http://www.wikidata.org/entity/Q23661624,Romería de la Saínza,Rairiz de Veiga
http://www.wikidata.org/entity/Q23661628,Fiesta de San Miguel y Danza das Espadas,Marín
http://www.wikidata.org/entity/Q23661629,Festa da Faba,Lorenzana
http://www.wikidata.org/entity/Q23661630,As San Lucas,Mondoñedo
http://www.wikidata.org/entity/Q23661632,Fiesta de la Castaña y la Seta,Riós
http://www.wikidata.org/entity/Q23661634,Feria de Santos,Monterroso
http://www.wikidata.org/entity/Q23661636,Fiesta de la castaña,Orense
http://www.wikidata.org/entity/Q23661640,Fiesta de San Martiño,Moaña
http://www.wikidata.org/entity/Q23661642,Belén artesanal de Valga,Valga
http://www.wikidata.org/entity/Q23661645,Belén electrónico de Begonte,Begonte
http://www.wikidata.org/entity/Q23708896,Q23708896,Salvatierra de Miño
http://www.wikidata.org/entity/Q23710981,Entroido dos Boteiros,Villarino de Conso
http://www.wikidata.org/entity/Q23710983,Feria del Queso del Cebrero,Pedrafita do Cebreiro
http://www.wikidata.org/entity/Q23710984,Encuentro Internacional de Gaiteros de Monterrei,Monterrey
http://www.wikidata.org/entity/Q23710984,Encuentro Internacional de Gaiteros de Monterrei,Castillo de Monterrey
http://www.wikidata.org/entity/Q23710985,Feria del Vino,El Rosal
http://www.wikidata.org/entity/Q28157451,Fiesta de la Castaña,Folgoso do Courel
http://www.wikidata.org/entity/Q23309321,Quema de Judas,Alfaro
http://www.wikidata.org/entity/Q23309364,Procesión del Humo,Arnedillo
http://www.wikidata.org/entity/Q23309394,Ferias de la Concepción,Santo Domingo de la Calzada
http://www.wikidata.org/entity/Q42960147,Batalla del clarete,San Asensio
http://www.wikidata.org/entity/Q42960759,Romería de la Caridad Grande,Villoslada de Cameros
http://www.wikidata.org/entity/Q42961218,Fiestas de san Cosme y san Damián,Arnedo
http://www.wikidata.org/entity/Q42962811,Rosario de los Faroles,Haro
http://www.wikidata.org/entity/Q42965618,Jornadas de la Verdura,Calahorra
http://www.wikidata.org/entity/Q42965710,Molienda de Ocón,Ocón
